AccountNumber,Usagedate,Value,Meternumber,,,
0100620-653665,14-08-2019,19,0100620-10450-1,,,AccountNumber
0100620-653665,28-07-2021,8,0100620-10450-1,,,0100620-653665
0100620-653665,15-06-2020,11,0100620-10450-1,,,0102380-7575
0100620-653665,17-08-2020,13,0100620-10450-1,,,0102400-10621
0100620-653665,14-04-2020,9,0100620-10450-1,,,0208030-660671
0100620-653665,13-04-2021,11,0100620-10450-1,,,0300500-667982
0100620-653665,12-02-2020,8,0100620-10450-1,,,0403620-659461
0100620-653665,12-02-2019,9,0100620-10450-1,,,0503000-161369
0100620-653665,15-04-2019,10,0100620-10450-1,,,0551540-660973
0100620-653665,17-06-2019,0,0100620-10450-1,,,0504360-74913
0100620-653665,16-12-2019,7,0100620-10450-1,,,0701030-577306
0100620-653665,16-02-2021,11,0100620-10450-1,,,0800340-294760
0102380-7575,13-10-2020,3,0102380-10450-1,,,0952010-660047
0102380-7575,12-02-2019,6,0102380-10450-1,,,0050405-66769
0102380-7575,17-06-2019,1,0102380-10450-1,,,0952020-660047
0102380-7575,15-12-2020,2,0102380-10450-1,,,1155680-666566
0102380-7575,12-10-2021,3,0102380-10450-1,,,1351680-580060
0102380-7575,12-04-2022,6,0102380-10450-1,,,1453010-564893
0102400-10621,15-04-2019,6,0102400-10450-1,,,1652420-572912
0102400-10621,17-06-2019,6,0102400-10450-1,,,1652700-661247
0102400-10621,12-02-2020,6,0102400-10450-1,,,3021000-113977
0102400-10621,14-04-2020,6,0102400-10450-1,,,3020630-661310
0102380-7575,15-10-2019,3,0102380-10450-1,,,3058560-2437
0102380-7575,16-12-2019,4,0102380-10450-1,,,3202220-657268
0102380-7575,14-04-2020,2,0102380-10450-1,,,1052480-161532
0102380-7575,13-04-2021,1,0102380-10450-1,,,1251280-654938
0102380-7575,16-08-2021,3,0102380-10450-1,,,1300220-656175
0102400-10621,12-02-2019,7,0102400-10450-1,,,3051580-669069
0102400-10621,14-08-2019,6,0102400-10450-1,,,3021810-572886
0102400-10621,16-12-2019,7,0102400-10450-1,,,3052720-667640
0102380-7575,15-04-2019,2,0102380-10450-1,,,3251640-3556
0102400-10621,14-06-2021,7,0102400-10450-1,,,3252680-2783
0102400-10621,16-08-2021,4,0102400-10450-1,,,3300560-578072
0102380-7575,14-06-2021,2,0102380-10450-1,,,3053860-667557
0102400-10621,17-08-2020,12,0102400-10450-1,,,3052140-669199
0102380-7575,14-08-2019,5,0102380-10450-1,,,3401740-655068
0102380-7575,15-06-2020,2,0102380-10450-1,,,3750682-657762
0102380-7575,15-02-2022,2,0102380-10450-1,,,3550880-662005
0102400-10621,13-10-2020,18,0102400-10450-1,,,3500520-390976
0102400-10621,16-02-2021,5,0102400-10450-1,,,3552800-578168
0102400-10621,15-02-2022,5,0102400-10450-1,,,3700280-112499
0102400-10621,13-04-2021,5,0102400-10450-1,,,3822470-652614
0102400-10621,14-12-2021,5,0102400-10450-1,,,3700460-9438
0102380-7575,12-02-2020,3,0102380-10450-1,,,3823610-658766
0102380-7575,14-12-2021,3,0102380-10450-1,,,4022186-655901
0102400-10621,15-10-2019,8,0102400-10450-1,,,4080195-667452
0102400-10621,15-12-2020,4,0102400-10450-1,,,4001105-552039
0102400-10621,12-10-2021,6,0102400-10450-1,,,4203260-25451
0102400-10621,12-04-2022,4,0102400-10450-1,,,4203440-460135
0102380-7575,17-08-2020,6,0102380-10450-1,,,4204280-655522
0102380-7575,16-02-2021,3,0102380-10450-1,,,4023988-666914
0102400-10621,15-06-2020,6,0102400-10450-1,,,4301660-354522
0208030-660671,16-08-2021,4,0208030-10450-1,,,3551920-668896
0208030-660671,15-12-2020,3,0208030-10450-1,,,4202260-479111
0208030-660671,16-02-2021,4,0208030-10450-1,,,4800180-27528
0208030-660671,12-04-2022,2,0208030-10450-1,,,4802560-30568
0208030-660671,14-06-2021,4,0208030-10450-1,,,4352020-667288
0300500-667982,14-12-2021,0,0300500-10450-1,,,4851520-657004
0300500-667982,15-02-2022,4,0300500-10450-1,,,4404740-660694
0403620-659461,14-04-2020,0,0403620-10450-1,,,4551660-212336
0403620-659461,12-10-2021,6,0403620-10450-1,,,4600000-655128
0403620-659461,16-08-2021,4,0403620-10450-1,,,4652260-660355
0403620-659461,15-06-2020,7,0403620-10450-1,,,5120070-564666
0403620-659461,13-04-2021,3,0403620-10450-1,,,4902200-552707
0403620-659461,17-08-2020,2,0403620-10450-1,,,5003100-6371
0403620-659461,15-12-2020,5,0403620-10450-1,,,5401100-11480
0503000-161369,14-04-2020,22,0503000-10450-1,,,5402616-117710
0503000-161369,13-04-2022,18,0503000-10450-1,,,5151040-27328
0503000-161369,17-08-2020,24,0503000-10450-1,,,4853400-584804
0503000-161369,13-04-2021,37,0503000-10450-1,,,5650360-19177
0503000-161369,14-06-2021,44,0503000-10450-1,,,5301960-669298
0503000-161369,13-10-2021,45,0503000-10450-1,,,5700018-575696
0551540-660973,13-10-2021,22,0551540-10450-1,,,5700040-118183
0551540-660973,15-02-2022,22,0551540-10450-1,,,5503520-662283
0504360-74913,15-02-2022,21,0504360-10450-1,,,5700740-667823
0503000-161369,12-02-2019,40,0503000-10450-1,,,5851880-19711
0503000-161369,14-08-2019,48,0503000-10450-1,,,3053640-669380
0503000-161369,13-10-2020,27,0503000-10450-1,,,3022780-669690
0503000-161369,16-02-2021,37,0503000-10450-1,,,3101640-669409
0503000-161369,12-02-2020,22,0503000-10450-1,,,1301320-669209
0503000-161369,16-08-2021,43,0503000-10450-1,,,5351020-669479
0504360-74913,13-04-2022,25,0504360-10450-1,,,5302620-669509
0551540-660973,16-08-2021,17,0551540-10450-1,,,3352480-26815
0551540-660973,13-04-2022,20,0551540-10450-1,,,5650740-669716
0701030-577306,12-02-2019,2,0701030-10450-1,,,1354280-670167
0701030-577306,17-06-2019,8,0701030-10450-1,,,3051080-669963
0701030-577306,14-04-2020,8,0701030-10450-1,,,1651800-670534
0701030-577306,15-04-2019,13,0701030-10450-1,,,3058400-670702
0701030-577306,15-10-2019,1,0701030-10450-1,,,4552720-669949
0701030-577306,12-02-2020,6,0701030-10450-1,,,9300890-26
0701030-577306,17-08-2020,2,0701030-10450-1,,,3301600-670591
0701030-577306,12-04-2022,26,0701030-10450-1,,,4600200-670849
0701030-577306,16-12-2019,17,0701030-10450-1,,,5750420-670783
0701030-577306,12-10-2021,8,0701030-10450-1,,,0103200-384103
0701030-577306,14-08-2019,6,0701030-10450-1,,,0350620-671026
0701030-577306,15-12-2020,5,0701030-10450-1,,,3603880-671151
0701030-577306,16-02-2021,9,0701030-10450-1,,,3552460-670864
0701030-577306,13-10-2020,5,0701030-10450-1,,,2402160-671033
0701030-577306,15-02-2022,9,0701030-10450-1,,,0101340-9320
0800340-294760,15-04-2019,2,0800340-10450-1,,,2252400-671189
0800340-294760,13-10-2020,1,0800340-10450-1,,,1804058-658871
0800340-294760,16-08-2021,2,0800340-10450-1,,,
0800340-294760,14-12-2021,0,0800340-10450-1,,,
0800340-294760,12-04-2022,0,0800340-10450-1,,,
0800340-294760,15-10-2019,1,0800340-10450-1,,,
0800340-294760,13-04-2021,0,0800340-10450-1,,,
0800340-294760,16-02-2021,1,0800340-10450-1,,,
0800340-294760,14-06-2021,0,0800340-10450-1,,,
0800340-294760,17-06-2019,0,0800340-10450-1,,,
0800340-294760,14-08-2019,1,0800340-10450-1,,,
0800340-294760,12-02-2020,0,0800340-10450-1,,,
0800340-294760,17-08-2020,1,0800340-10450-1,,,
0800340-294760,15-02-2022,1,0800340-10450-1,,,
0800340-294760,12-10-2021,1,0800340-10450-1,,,
0800340-294760,16-12-2019,1,0800340-10450-1,,,
0800340-294760,15-12-2020,0,0800340-10450-1,,,
0800340-294760,14-04-2020,0,0800340-10450-1,,,
0952010-660047,13-10-2021,8,0952010-10450-1,,,
0952010-660047,12-04-2022,6,0952010-10450-1,,,
0952010-660047,17-08-2020,5,0952010-10450-1,,,
0050405-66769,17-06-2019,1,0050405-10450-1,,,
0050405-66769,14-08-2019,4,0050405-10450-1,,,
0050405-66769,15-10-2019,1,0050405-10450-1,,,
0050405-66769,16-08-2021,10,0050405-10450-1,,,
0050405-66769,15-12-2020,10,0050405-10450-1,,,
0050405-66769,12-04-2022,9,0050405-10450-1,,,
0050405-66769,17-08-2020,2,0050405-10450-1,,,
0050405-66769,16-02-2021,8,0050405-10450-1,,,
0050405-66769,12-10-2021,10,0050405-10450-1,,,
0050405-66769,14-12-2021,9,0050405-10450-1,,,
0050405-66769,14-06-2021,10,0050405-10450-1,,,
0050405-66769,15-02-2022,8,0050405-10450-1,,,
0050405-66769,12-02-2019,2,0050405-10450-1,,,
0050405-66769,15-06-2020,1,0050405-10450-1,,,
0050405-66769,13-04-2021,7,0050405-10450-1,,,
0050405-66769,13-10-2020,19,0050405-10450-1,,,
0050405-66769,15-04-2019,1,0050405-10450-1,,,
0050405-66769,16-12-2019,5,0050405-10450-1,,,
0050405-66769,12-02-2020,1,0050405-10450-1,,,
0050405-66769,14-04-2020,1,0050405-10450-1,,,
0100620-653665,15-10-2019,9,0100620-10450-1,,,
0100620-653665,13-10-2020,12,0100620-10450-1,,,
0100620-653665,14-06-2021,10,0100620-10450-1,,,
0100620-653665,15-12-2020,10,0100620-10450-1,,,
0208030-660671,13-10-2020,0,0208030-10450-1,,,
0208030-660671,13-04-2021,7,0208030-10450-1,,,
0208030-660671,12-10-2021,3,0208030-10450-1,,,
0208030-660671,14-12-2021,3,0208030-10450-1,,,
0208030-660671,15-02-2022,4,0208030-10450-1,,,
0300500-667982,12-04-2022,4,0300500-10450-1,,,
0403620-659461,14-06-2021,3,0403620-10450-1,,,
0403620-659461,13-10-2020,7,0403620-10450-1,,,
0403620-659461,15-02-2022,3,0403620-10450-1,,,
0403620-659461,12-04-2022,5,0403620-10450-1,,,
0403620-659461,16-02-2021,5,0403620-10450-1,,,
0403620-659461,14-12-2021,4,0403620-10450-1,,,
0503000-161369,15-04-2019,37,0503000-10450-1,,,
0503000-161369,17-06-2019,55,0503000-10450-1,,,
0503000-161369,15-10-2019,73,0503000-10450-1,,,
0503000-161369,15-06-2020,26,0503000-10450-1,,,
0503000-161369,15-12-2021,26,0503000-10450-1,,,
0551540-660973,15-12-2020,17,0551540-10450-1,,,
0551540-660973,13-04-2021,25,0551540-10450-1,,,
0551540-660973,16-02-2021,23,0551540-10450-1,,,
0551540-660973,15-12-2021,23,0551540-10450-1,,,
0504360-74913,13-10-2021,13,0504360-10450-1,,,
0504360-74913,15-12-2021,23,0504360-10450-1,,,
0551540-660973,14-06-2021,25,0551540-10450-1,,,
0503000-161369,16-12-2019,42,0503000-10450-1,,,
0503000-161369,15-12-2020,32,0503000-10450-1,,,
0503000-161369,15-02-2022,23,0503000-10450-1,,,
0800340-294760,12-02-2019,0,0800340-10450-1,,,
0800340-294760,15-06-2020,0,0800340-10450-1,,,
0701030-577306,15-06-2020,7,0701030-10450-1,,,
0701030-577306,13-04-2021,5,0701030-10450-1,,,
0701030-577306,14-06-2021,8,0701030-10450-1,,,
0701030-577306,16-08-2021,5,0701030-10450-1,,,
0701030-577306,14-12-2021,14,0701030-10450-1,,,
0952010-660047,13-10-2020,1,0952010-10450-1,,,
0952010-660047,16-02-2021,1,0952010-10450-1,,,
0952020-660047,14-12-2021,7,0952020-10450-1,,,
0952020-660047,15-02-2022,10,0952020-10450-1,,,
1155680-666566,16-08-2021,1,1155680-10450-1,,,
1351680-580060,15-06-2020,0,1351680-10450-1,,,
1155680-666566,13-10-2021,0,1155680-10450-1,,,
1351680-580060,12-02-2019,12,1351680-10450-1,,,
1351680-580060,14-08-2019,9,1351680-10450-1,,,
1351680-580060,17-06-2019,11,1351680-10450-1,,,
1351680-580060,12-02-2020,11,1351680-10450-1,,,
1351680-580060,16-02-2021,0,1351680-10450-1,,,
1351680-580060,15-04-2019,11,1351680-10450-1,,,
1351680-580060,16-12-2019,9,1351680-10450-1,,,
1351680-580060,17-08-2020,10,1351680-10450-1,,,
1351680-580060,13-10-2020,6,1351680-10450-1,,,
1351680-580060,15-12-2020,4,1351680-10450-1,,,
1351680-580060,14-06-2021,3,1351680-10450-1,,,
1351680-580060,14-04-2021,0,1351680-10450-1,,,
1351680-580060,16-08-2021,4,1351680-10450-1,,,
1351680-580060,15-10-2019,11,1351680-10450-1,,,
1351680-580060,15-02-2022,3,1351680-10450-1,,,
1351680-580060,12-04-2022,2,1351680-10450-1,,,
1453010-564893,15-04-2019,14,1453010-10450-1,,,
1453010-564893,12-02-2020,54,1453010-10450-1,,,
1453010-564893,17-08-2020,62,1453010-10450-1,,,
1453010-564893,15-02-2022,44,1453010-10450-1,,,
1453010-564893,15-10-2019,55,1453010-10450-1,,,
1453010-564893,16-12-2019,21,1453010-10450-1,,,
1453010-564893,16-08-2021,46,1453010-10450-1,,,
1652420-572912,14-04-2020,38,1652420-10450-1,,,
1652700-661247,16-08-2021,81,1652700-10450-1,,,
1652420-572912,15-04-2019,10,1652420-10450-1,,,
1652420-572912,17-06-2019,58,1652420-10450-1,,,
1652420-572912,15-06-2020,42,1652420-10450-1,,,
1652420-572912,13-10-2020,30,1652420-10450-1,,,
1652420-572912,16-02-2021,17,1652420-10450-1,,,
1652420-572912,16-08-2021,27,1652420-10450-1,,,
1652700-661247,13-04-2021,68,1652700-10450-1,,,
1652420-572912,12-02-2019,15,1652420-10450-1,,,
1652700-661247,11-11-2021,46,1652700-10450-1,,,
3021000-113977,12-11-2019,0,3021000-10450-1,,,
3021000-113977,13-07-2021,0,3021000-10450-1,,,
3021000-113977,13-09-2021,0,3021000-10450-1,,,
3020630-661310,17-01-2022,5,3020630-10450-1,,,
3021000-113977,13-03-2019,0,3021000-10450-1,,,
3021000-113977,16-09-2019,1,3021000-10450-1,,,
3021000-113977,14-07-2020,0,3021000-10450-1,,,
3021000-113977,15-03-2021,0,3021000-10450-1,,,
3020630-661310,13-07-2021,4,3020630-10450-1,,,
3058560-2437,06-02-2019,3,3058560-10450-1,,,
3058560-2437,12-05-2020,0,3058560-10450-1,,,
3020630-661310,16-05-2021,6,3020630-10450-1,,,
3020630-661310,13-09-2021,5,3020630-10450-1,,,
3021000-113977,14-05-2019,0,3021000-10450-1,,,
3021000-113977,14-01-2020,1,3021000-10450-1,,,
3021000-113977,13-01-2021,0,3021000-10450-1,,,
3021000-113977,16-11-2021,0,3021000-10450-1,,,
3202220-657268,16-09-2019,25,3202220-10450-1,,,
3202220-657268,13-07-2021,36,3202220-10450-1,,,
3202220-657268,14-09-2021,43,3202220-10450-1,,,
0952020-660047,16-02-2021,2,0952020-10450-1,,,
0952020-660047,14-06-2021,5,0952020-10450-1,,,
0952020-660047,16-08-2021,9,0952020-10450-1,,,
0952010-660047,13-04-2021,1,0952010-10450-1,,,
0952020-660047,13-10-2020,1,0952020-10450-1,,,
0952010-660047,14-06-2021,5,0952010-10450-1,,,
0952020-660047,13-04-2021,5,0952020-10450-1,,,
0952020-660047,13-10-2021,7,0952020-10450-1,,,
0952020-660047,12-04-2022,9,0952020-10450-1,,,
0952010-660047,16-08-2021,5,0952010-10450-1,,,
1052480-161532,14-04-2020,11,1052480-10450-1,,,
1052480-161532,16-02-2021,17,1052480-10450-1,,,
0952010-660047,15-12-2020,0,0952010-10450-1,,,
0952010-660047,14-12-2021,5,0952010-10450-1,,,
0952020-660047,15-12-2020,0,0952020-10450-1,,,
1052480-161532,17-06-2019,14,1052480-10450-1,,,
1052480-161532,12-04-2022,7,1052480-10450-1,,,
1052480-161532,15-06-2020,14,1052480-10450-1,,,
1052480-161532,13-04-2021,9,1052480-10450-1,,,
1052480-161532,15-02-2022,5,1052480-10450-1,,,
0952010-660047,15-02-2022,6,0952010-10450-1,,,
0952020-660047,17-08-2020,2,0952020-10450-1,,,
1052480-161532,16-12-2019,12,1052480-10450-1,,,
1052480-161532,12-02-2019,13,1052480-10450-1,,,
1052480-161532,17-08-2020,16,1052480-10450-1,,,
1052480-161532,13-10-2020,14,1052480-10450-1,,,
1052480-161532,13-10-2021,8,1052480-10450-1,,,
1052480-161532,14-12-2021,4,1052480-10450-1,,,
1052480-161532,14-08-2019,13,1052480-10450-1,,,
1052480-161532,15-12-2020,13,1052480-10450-1,,,
1251280-654938,12-02-2019,1,1251280-10450-1,,,
1251280-654938,17-06-2019,3,1251280-10450-1,,,
1052480-161532,15-04-2019,12,1052480-10450-1,,,
1052480-161532,15-10-2019,14,1052480-10450-1,,,
1052480-161532,12-02-2020,12,1052480-10450-1,,,
1052480-161532,14-06-2021,8,1052480-10450-1,,,
1052480-161532,16-08-2021,13,1052480-10450-1,,,
1155680-666566,14-06-2021,0,1155680-10450-1,,,
1155680-666566,14-12-2021,0,1155680-10450-1,,,
1155680-666566,12-04-2022,0,1155680-10450-1,,,
1251280-654938,27-10-2021,2,1251280-10450-1,,,
1300220-656175,14-04-2019,8,1300220-10450-1,,,
1155680-666566,15-02-2022,0,1155680-10450-1,,,
1251280-654938,13-10-2021,0,1251280-10450-1,,,
1453010-564893,15-12-2020,56,1453010-10450-1,,,
1351680-580060,12-10-2021,6,1351680-10450-1,,,
1351680-580060,14-12-2021,3,1351680-10450-1,,,
1351680-580060,14-04-2020,7,1351680-10450-1,,,
1251280-654938,15-04-2019,6,1251280-10450-1,,,
1251280-654938,09-07-2019,2,1251280-10450-1,,,
1453010-564893,14-06-2021,49,1453010-10450-1,,,
1453010-564893,13-10-2021,50,1453010-10450-1,,,
1652420-572912,13-04-2022,15,1652420-10450-1,,,
1453010-564893,17-06-2019,21,1453010-10450-1,,,
1453010-564893,15-06-2020,54,1453010-10450-1,,,
1453010-564893,13-04-2021,41,1453010-10450-1,,,
1453010-564893,14-04-2020,42,1453010-10450-1,,,
1453010-564893,16-02-2021,69,1453010-10450-1,,,
1453010-564893,15-12-2021,54,1453010-10450-1,,,
1453010-564893,13-04-2022,14,1453010-10450-1,,,
1453010-564893,14-08-2019,30,1453010-10450-1,,,
1453010-564893,13-10-2020,62,1453010-10450-1,,,
1453010-564893,12-02-2019,11,1453010-10450-1,,,
1652420-572912,15-12-2020,15,1652420-10450-1,,,
1652420-572912,13-04-2021,17,1652420-10450-1,,,
1652420-572912,14-06-2021,20,1652420-10450-1,,,
1652420-572912,15-02-2022,17,1652420-10450-1,,,
1652700-661247,14-06-2021,76,1652700-10450-1,,,
1652700-661247,13-10-2021,87,1652700-10450-1,,,
1652420-572912,14-08-2019,27,1652420-10450-1,,,
1652420-572912,16-12-2019,24,1652420-10450-1,,,
1652420-572912,12-02-2020,42,1652420-10450-1,,,
1652420-572912,15-10-2019,18,1652420-10450-1,,,
1652420-572912,17-08-2020,50,1652420-10450-1,,,
1652420-572912,13-10-2021,26,1652420-10450-1,,,
1652420-572912,15-12-2021,23,1652420-10450-1,,,
1652700-661247,15-12-2020,2,1652700-10450-1,,,
1652700-661247,16-02-2021,39,1652700-10450-1,,,
3020630-661310,13-01-2021,2,3020630-10450-1,,,
3020630-661310,15-03-2021,5,3020630-10450-1,,,
3051580-669069,16-05-2022,7,3051580-10450-1,,,
3021000-113977,14-09-2020,0,3021000-10450-1,,,
3021000-113977,16-11-2020,1,3021000-10450-1,,,
3021810-572886,16-05-2022,4,3021810-10450-1,,,
3052720-667640,17-01-2022,6,3052720-10450-1,,,
3020630-661310,15-03-2022,5,3020630-10450-1,,,
3020630-661310,16-05-2022,6,3020630-10450-1,,,
3020630-661310,16-11-2021,4,3020630-10450-1,,,
3021000-113977,15-01-2019,0,3021000-10450-1,,,
3021000-113977,17-01-2022,0,3021000-10450-1,,,
3021000-113977,12-05-2020,0,3021000-10450-1,,,
3021000-113977,16-05-2021,0,3021000-10450-1,,,
3021000-113977,16-05-2022,0,3021000-10450-1,,,
3251640-3556,13-03-2019,9,3251640-10450-1,,,
3251640-3556,14-05-2019,24,3251640-10450-1,,,
3251640-3556,12-05-2020,22,3251640-10450-1,,,
3052720-667640,15-03-2022,6,3052720-10450-1,,,
3052720-667640,16-11-2021,8,3052720-10450-1,,,
3252680-2783,14-09-2020,67,3252680-10450-1,,,
3252680-2783,17-05-2022,37,3252680-10450-1,,,
3300560-578072,14-05-2019,57,3300560-10450-1,,,
3300560-578072,14-07-2020,0,3300560-10450-1,,,
3300560-578072,16-05-2021,1,3300560-10450-1,,,
3053860-667557,15-03-2022,5,3053860-10450-1,,,
3300560-578072,13-09-2021,1,3300560-10450-1,,,
3021000-113977,15-07-2019,1,3021000-10450-1,,,
3021000-113977,17-03-2020,0,3021000-10450-1,,,
3052720-667640,16-05-2022,7,3052720-10450-1,,,
3052140-669199,16-05-2022,3,3052140-10450-1,,,
3053860-667557,13-09-2021,1,3053860-10450-1,,,
3053860-667557,17-01-2022,4,3053860-10450-1,,,
3053860-667557,16-05-2022,6,3053860-10450-1,,,
3053860-667557,16-11-2021,5,3053860-10450-1,,,
3300560-578072,17-01-2022,1,3300560-10450-1,,,
3300560-578072,16-05-2022,1,3300560-10450-1,,,
3058560-2437,20-05-2020,0,3058560-10450-1,,,
3058560-2437,26-05-2021,0,3058560-10450-1,,,
3251640-3556,17-03-2020,18,3251640-10450-1,,,
3202220-657268,17-01-2022,24,3202220-10450-1,,,
3021000-113977,15-03-2022,0,3021000-10450-1,,,
3058560-2437,17-03-2020,0,3058560-10450-1,,,
3058560-2437,16-05-2021,0,3058560-10450-1,,,
3202220-657268,14-09-2020,53,3202220-10450-1,,,
3058560-2437,15-03-2021,0,3058560-10450-1,,,
3401740-655068,15-07-2019,15,3401740-10450-1,,,
3251640-3556,12-11-2019,33,3251640-10450-1,,,
3251640-3556,13-01-2021,27,3251640-10450-1,,,
3252680-2783,12-11-2019,43,3252680-10450-1,,,
3252680-2783,14-07-2020,45,3252680-10450-1,,,
3202220-657268,16-11-2020,47,3202220-10450-1,,,
3401740-655068,14-05-2019,12,3401740-10450-1,,,
3401740-655068,13-07-2021,11,3401740-10450-1,,,
3401740-655068,17-01-2022,18,3401740-10450-1,,,
3252680-2783,15-07-2019,47,3252680-10450-1,,,
3252680-2783,17-03-2020,26,3252680-10450-1,,,
3252680-2783,17-01-2022,30,3252680-10450-1,,,
3300560-578072,17-03-2020,1,3300560-10450-1,,,
3300560-578072,16-11-2020,1,3300560-10450-1,,,
3300560-578072,16-11-2021,2,3300560-10450-1,,,
3202220-657268,14-01-2020,33,3202220-10450-1,,,
3202220-657268,13-01-2021,68,3202220-10450-1,,,
3300560-578072,15-01-2019,16,3300560-10450-1,,,
3300560-578072,13-01-2021,3,3300560-10450-1,,,
3300560-578072,15-03-2021,1,3300560-10450-1,,,
3251640-3556,15-01-2019,20,3251640-10450-1,,,
3251640-3556,16-11-2020,40,3251640-10450-1,,,
3251640-3556,14-09-2021,30,3251640-10450-1,,,
3401740-655068,16-11-2020,21,3401740-10450-1,,,
3401740-655068,17-03-2020,20,3401740-10450-1,,,
3401740-655068,16-05-2021,18,3401740-10450-1,,,
3401740-655068,16-11-2021,18,3401740-10450-1,,,
3750682-657762,12-05-2020,13,3750682-10450-1,,,
3750682-657762,13-07-2021,9,3750682-10450-1,,,
3251640-3556,15-07-2019,31,3251640-10450-1,,,
3251640-3556,14-07-2020,35,3251640-10450-1,,,
3251640-3556,16-11-2021,21,3251640-10450-1,,,
3251640-3556,17-05-2022,21,3251640-10450-1,,,
3252680-2783,15-01-2019,30,3252680-10450-1,,,
3252680-2783,14-05-2019,22,3252680-10450-1,,,
3252680-2783,15-03-2021,19,3252680-10450-1,,,
3252680-2783,13-07-2021,32,3252680-10450-1,,,
3252680-2783,14-09-2021,42,3252680-10450-1,,,
3252680-2783,16-11-2021,38,3252680-10450-1,,,
3550880-662005,16-05-2022,6,3550880-10450-1,,,
3500520-390976,15-01-2019,3,3500520-10450-1,,,
3550880-662005,16-05-2021,4,3550880-10450-1,,,
3550880-662005,16-11-2021,7,3550880-10450-1,,,
3550880-662005,17-01-2022,8,3550880-10450-1,,,
3550880-662005,13-09-2021,5,3550880-10450-1,,,
3401740-655068,12-05-2020,17,3401740-10450-1,,,
3401740-655068,14-09-2020,18,3401740-10450-1,,,
3401740-655068,15-03-2021,15,3401740-10450-1,,,
3401740-655068,15-03-2022,17,3401740-10450-1,,,
3552800-578168,16-05-2022,20,3552800-10450-1,,,
3552800-578168,17-01-2022,20,3552800-10450-1,,,
3552800-578168,15-03-2022,18,3552800-10450-1,,,
3700280-112499,13-03-2019,8,3700280-10450-1,,,
3700280-112499,12-05-2020,14,3700280-10450-1,,,
3822470-652614,16-05-2022,22,3822470-10450-1,,,
3552800-578168,13-03-2019,16,3552800-10450-1,,,
3552800-578168,14-05-2019,18,3552800-10450-1,,,
3552800-578168,15-07-2019,21,3552800-10450-1,,,
3552800-578168,13-07-2021,17,3552800-10450-1,,,
3552800-578168,13-09-2021,11,3552800-10450-1,,,
3552800-578168,17-03-2020,16,3552800-10450-1,,,
3552800-578168,15-03-2021,18,3552800-10450-1,,,
3552800-578168,16-05-2021,20,3552800-10450-1,,,
3700280-112499,14-05-2019,9,3700280-10450-1,,,
3700280-112499,15-03-2021,25,3700280-10450-1,,,
3700280-112499,17-01-2022,7,3700280-10450-1,,,
3500520-390976,29-01-2019,-1,3500520-10450-1,,,
3700280-112499,15-01-2019,9,3700280-10450-1,,,
3700460-9438,22-07-2020,0,3700460-10450-1,,,
3700280-112499,12-11-2019,10,3700280-10450-1,,,
3700280-112499,14-09-2020,14,3700280-10450-1,,,
3700280-112499,13-01-2021,7,3700280-10450-1,,,
3700280-112499,13-07-2021,4,3700280-10450-1,,,
3700280-112499,16-11-2021,9,3700280-10450-1,,,
3750682-657762,16-11-2020,14,3750682-10450-1,,,
3823610-658766,16-11-2021,35,3823610-10450-1,,,
3823610-658766,17-01-2022,66,3823610-10450-1,,,
4022186-655901,12-11-2019,9,4022186-10450-1,,,
4022186-655901,13-09-2021,2,4022186-10450-1,,,
3750682-657762,13-09-2021,12,3750682-10450-1,,,
4022186-655901,16-11-2021,7,4022186-10450-1,,,
4022186-655901,17-01-2022,3,4022186-10450-1,,,
3750682-657762,15-03-2022,7,3750682-10450-1,,,
3750682-657762,16-05-2022,8,3750682-10450-1,,,
4080195-667452,16-11-2021,8,4080195-10450-1,,,
3823610-658766,15-03-2021,79,3823610-10450-1,,,
3822470-652614,15-03-2022,3,3822470-10450-1,,,
3823610-658766,14-09-2020,185,3823610-10450-1,,,
3823610-658766,13-07-2021,32,3823610-10450-1,,,
3823610-658766,15-03-2022,92,3823610-10450-1,,,
4001105-552039,15-07-2019,34,4001105-10450-1,,,
4001105-552039,17-01-2022,16,4001105-10450-1,,,
4001105-552039,15-03-2022,18,4001105-10450-1,,,
4203260-25451,17-03-2020,7,4203260-10450-1,,,
4203260-25451,16-11-2020,44,4203260-10450-1,,,
4203260-25451,17-01-2022,33,4203260-10450-1,,,
4203260-25451,15-03-2022,25,4203260-10450-1,,,
4203440-460135,13-03-2019,24,4203440-10450-1,,,
4203440-460135,13-07-2021,37,4203440-10450-1,,,
4204280-655522,14-07-2020,35,4204280-10450-1,,,
4204280-655522,14-09-2021,36,4204280-10450-1,,,
4023988-666914,16-05-2022,22,4023988-10450-1,,,
4001105-552039,16-05-2021,22,4001105-10450-1,,,
4301660-354522,12-11-2019,43,4301660-10450-1,,,
4301660-354522,13-07-2021,-68,4301660-10450-1,,,
4301660-354522,20-10-2021,20,4301660-10450-1,,,
4001105-552039,12-11-2019,56,4001105-10450-1,,,
4001105-552039,13-07-2021,35,4001105-10450-1,,,
4022186-655901,16-09-2019,16,4022186-10450-1,,,
4022186-655901,15-03-2021,7,4022186-10450-1,,,
4022186-655901,13-07-2021,8,4022186-10450-1,,,
4023988-666914,13-09-2021,5,4023988-10450-1,,,
4022186-655901,15-07-2019,13,4022186-10450-1,,,
3251640-3556,14-09-2020,45,3251640-10450-1,,,
3251640-3556,15-03-2022,13,3251640-10450-1,,,
3202220-657268,12-05-2020,33,3202220-10450-1,,,
3252680-2783,16-09-2019,55,3252680-10450-1,,,
3251640-3556,16-09-2019,33,3251640-10450-1,,,
3251640-3556,14-01-2020,18,3251640-10450-1,,,
3251640-3556,17-01-2022,15,3251640-10450-1,,,
3202220-657268,12-11-2019,35,3202220-10450-1,,,
3202220-657268,15-03-2021,39,3202220-10450-1,,,
3202220-657268,16-11-2021,36,3202220-10450-1,,,
3202220-657268,17-05-2022,45,3202220-10450-1,,,
3300560-578072,12-05-2020,1,3300560-10450-1,,,
3300560-578072,15-03-2022,1,3300560-10450-1,,,
3252680-2783,12-05-2020,15,3252680-10450-1,,,
3252680-2783,16-05-2021,23,3252680-10450-1,,,
3202220-657268,16-05-2021,38,3202220-10450-1,,,
3202220-657268,15-03-2022,43,3202220-10450-1,,,
3300560-578072,15-07-2019,30,3300560-10450-1,,,
3251640-3556,15-03-2021,15,3251640-10450-1,,,
3251640-3556,16-05-2021,20,3251640-10450-1,,,
3251640-3556,13-07-2021,21,3251640-10450-1,,,
3550880-662005,13-07-2021,8,3550880-10450-1,,,
3252680-2783,13-03-2019,8,3252680-10450-1,,,
3252680-2783,15-03-2022,25,3252680-10450-1,,,
3252680-2783,14-01-2020,19,3252680-10450-1,,,
3252680-2783,16-11-2020,53,3252680-10450-1,,,
3252680-2783,13-01-2021,24,3252680-10450-1,,,
3300560-578072,12-11-2019,1,3300560-10450-1,,,
3300560-578072,14-01-2020,1,3300560-10450-1,,,
3300560-578072,14-09-2020,0,3300560-10450-1,,,
3401740-655068,16-05-2022,17,3401740-10450-1,,,
3401740-655068,15-01-2019,1,3401740-10450-1,,,
3401740-655068,13-03-2019,2,3401740-10450-1,,,
3401740-655068,16-09-2019,13,3401740-10450-1,,,
3401740-655068,12-11-2019,24,3401740-10450-1,,,
3401740-655068,14-07-2020,26,3401740-10450-1,,,
3401740-655068,13-01-2021,17,3401740-10450-1,,,
3700280-112499,15-07-2019,9,3700280-10450-1,,,
3700280-112499,14-01-2020,11,3700280-10450-1,,,
3700280-112499,16-05-2022,8,3700280-10450-1,,,
3202220-657268,17-03-2020,36,3202220-10450-1,,,
3202220-657268,14-07-2020,33,3202220-10450-1,,,
3300560-578072,13-03-2019,3,3300560-10450-1,,,
3300560-578072,16-09-2019,1,3300560-10450-1,,,
3300560-578072,13-07-2021,0,3300560-10450-1,,,
3552800-578168,14-01-2020,13,3552800-10450-1,,,
3552800-578168,14-07-2020,21,3552800-10450-1,,,
3401740-655068,14-01-2020,24,3401740-10450-1,,,
3401740-655068,13-09-2021,19,3401740-10450-1,,,
3551920-668896,16-05-2022,6,3551920-10450-1,,,
3750682-657762,16-09-2019,1,3750682-10450-1,,,
3750682-657762,14-01-2020,12,3750682-10450-1,,,
3750682-657762,13-01-2021,13,3750682-10450-1,,,
3750682-657762,16-05-2021,3,3750682-10450-1,,,
3700280-112499,14-07-2020,9,3700280-10450-1,,,
3700280-112499,16-11-2020,5,3700280-10450-1,,,
3552800-578168,15-01-2019,18,3552800-10450-1,,,
3552800-578168,12-11-2019,17,3552800-10450-1,,,
3552800-578168,12-05-2020,19,3552800-10450-1,,,
3552800-578168,16-11-2021,17,3552800-10450-1,,,
3750682-657762,14-07-2020,14,3750682-10450-1,,,
3750682-657762,14-09-2020,15,3750682-10450-1,,,
3750682-657762,15-03-2021,9,3750682-10450-1,,,
3750682-657762,16-11-2021,9,3750682-10450-1,,,
3550880-662005,15-03-2022,9,3550880-10450-1,,,
3700280-112499,16-09-2019,9,3700280-10450-1,,,
3700280-112499,17-03-2020,8,3700280-10450-1,,,
3700280-112499,16-05-2021,7,3700280-10450-1,,,
3700280-112499,13-09-2021,9,3700280-10450-1,,,
3700280-112499,15-03-2022,6,3700280-10450-1,,,
4001105-552039,14-01-2020,11,4001105-10450-1,,,
4001105-552039,13-01-2021,19,4001105-10450-1,,,
4001105-552039,14-09-2021,40,4001105-10450-1,,,
3750682-657762,17-03-2020,10,3750682-10450-1,,,
3552800-578168,16-09-2019,17,3552800-10450-1,,,
3552800-578168,14-09-2020,19,3552800-10450-1,,,
3552800-578168,16-11-2020,18,3552800-10450-1,,,
3552800-578168,13-01-2021,16,3552800-10450-1,,,
4023988-666914,16-11-2021,19,4023988-10450-1,,,
4023988-666914,17-01-2022,80,4023988-10450-1,,,
3823610-658766,14-07-2020,98,3823610-10450-1,,,
3823610-658766,13-09-2021,46,3823610-10450-1,,,
3750682-657762,12-11-2019,11,3750682-10450-1,,,
3750682-657762,17-01-2022,11,3750682-10450-1,,,
3823610-658766,12-05-2020,54,3823610-10450-1,,,
3823610-658766,16-11-2020,124,3823610-10450-1,,,
3823610-658766,16-05-2021,106,3823610-10450-1,,,
4022186-655901,13-03-2019,4,4022186-10450-1,,,
4022186-655901,14-09-2020,9,4022186-10450-1,,,
4022186-655901,13-01-2021,5,4022186-10450-1,,,
4001105-552039,15-01-2019,27,4001105-10450-1,,,
4001105-552039,13-03-2019,23,4001105-10450-1,,,
4001105-552039,14-09-2020,40,4001105-10450-1,,,
4001105-552039,16-11-2021,34,4001105-10450-1,,,
4001105-552039,12-05-2020,28,4001105-10450-1,,,
3823610-658766,17-03-2020,67,3823610-10450-1,,,
3823610-658766,13-01-2021,119,3823610-10450-1,,,
3823610-658766,16-05-2022,69,3823610-10450-1,,,
4022186-655901,14-07-2020,22,4022186-10450-1,,,
4001105-552039,14-05-2019,29,4001105-10450-1,,,
4001105-552039,15-03-2021,20,4001105-10450-1,,,
4001105-552039,17-05-2022,28,4001105-10450-1,,,
4022186-655901,16-05-2022,2,4022186-10450-1,,,
4023988-666914,13-07-2021,3,4023988-10450-1,,,
4080195-667452,13-09-2021,4,4080195-10450-1,,,
4001105-552039,16-09-2019,37,4001105-10450-1,,,
4001105-552039,17-03-2020,19,4001105-10450-1,,,
4001105-552039,14-07-2020,37,4001105-10450-1,,,
4001105-552039,16-11-2020,33,4001105-10450-1,,,
4204280-655522,14-09-2020,42,4204280-10450-1,,,
4204280-655522,16-11-2020,35,4204280-10450-1,,,
4204280-655522,13-01-2021,24,4204280-10450-1,,,
4204280-655522,15-03-2021,25,4204280-10450-1,,,
4202260-479111,16-05-2022,25,4202260-10450-1,,,
4022186-655901,14-05-2019,5,4022186-10450-1,,,
4022186-655901,12-05-2020,23,4022186-10450-1,,,
4203260-25451,15-03-2021,26,4203260-10450-1,,,
4203260-25451,14-09-2020,45,4203260-10450-1,,,
4203260-25451,16-05-2021,31,4203260-10450-1,,,
4203440-460135,15-07-2019,21,4203440-10450-1,,,
4203440-460135,16-09-2019,22,4203440-10450-1,,,
4203440-460135,13-01-2021,27,4203440-10450-1,,,
4203440-460135,17-01-2022,25,4203440-10450-1,,,
4203440-460135,12-05-2020,22,4203440-10450-1,,,
4203440-460135,14-07-2020,22,4203440-10450-1,,,
4203440-460135,15-03-2021,23,4203440-10450-1,,,
4203440-460135,14-09-2021,27,4203440-10450-1,,,
4204280-655522,14-01-2020,27,4204280-10450-1,,,
4204280-655522,16-05-2022,20,4204280-10450-1,,,
4204280-655522,13-07-2021,27,4204280-10450-1,,,
4204280-655522,17-01-2022,19,4204280-10450-1,,,
4204280-655522,15-03-2022,18,4204280-10450-1,,,
4203260-25451,12-05-2020,16,4203260-10450-1,,,
4203260-25451,14-07-2020,36,4203260-10450-1,,,
4203440-460135,14-09-2020,22,4203440-10450-1,,,
4203440-460135,15-03-2022,20,4203440-10450-1,,,
4080195-667452,17-01-2022,7,4080195-10450-1,,,
4800180-27528,14-09-2021,36,4800180-10450-1,,,
4301660-354522,16-09-2019,43,4301660-10450-1,,,
4301660-354522,13-01-2021,29,4301660-10450-1,,,
4301660-354522,16-05-2021,128,4301660-10450-1,,,
4301660-354522,13-03-2019,21,4301660-10450-1,,,
4301660-354522,14-07-2020,33,4301660-10450-1,,,
4802560-30568,14-09-2020,91,4802560-10450-1,,,
4802560-30568,16-11-2020,61,4802560-10450-1,,,
4802560-30568,17-01-2022,50,4802560-10450-1,,,
4352020-667288,16-11-2021,32,4352020-10450-1,,,
4301660-354522,14-01-2020,20,4301660-10450-1,,,
4301660-354522,17-03-2020,18,4301660-10450-1,,,
4301660-354522,16-11-2020,51,4301660-10450-1,,,
4851520-657004,17-01-2022,34,4851520-10450-1,,,
4352020-667288,15-03-2022,28,4352020-10450-1,,,
4352020-667288,16-05-2022,33,4352020-10450-1,,,
4404740-660694,15-03-2022,18,4404740-10450-1,,,
4551660-212336,14-01-2020,6,4551660-10450-1,,,
4551660-212336,13-07-2021,3,4551660-10450-1,,,
4551660-212336,14-09-2021,6,4551660-10450-1,,,
4551660-212336,16-11-2021,8,4551660-10450-1,,,
4551660-212336,15-03-2022,8,4551660-10450-1,,,
4404740-660694,16-11-2021,12,4404740-10450-1,,,
4600000-655128,23-01-2019,10,4600000-10450-1,,,
4652260-660355,17-01-2022,9,4652260-10450-1,,,
4551660-212336,15-01-2019,3,4551660-10450-1,,,
5120070-564666,13-09-2021,8,5120070-10450-1,,,
4551660-212336,13-03-2019,3,4551660-10450-1,,,
4551660-212336,15-07-2019,9,4551660-10450-1,,,
4551660-212336,14-07-2020,5,4551660-10450-1,,,
4551660-212336,16-11-2020,10,4551660-10450-1,,,
4802560-30568,16-09-2019,57,4802560-10450-1,,,
4802560-30568,13-07-2021,51,4802560-10450-1,,,
4802560-30568,17-05-2022,56,4802560-10450-1,,,
4652260-660355,16-05-2021,12,4652260-10450-1,,,
4600000-655128,15-01-2019,21,4600000-10450-1,,,
4652260-660355,13-01-2021,14,4652260-10450-1,,,
4652260-660355,17-05-2022,15,4652260-10450-1,,,
4902200-552707,13-01-2021,11,4902200-10450-1,,,
4902200-552707,15-03-2021,12,4902200-10450-1,,,
4902200-552707,16-05-2021,14,4902200-10450-1,,,
4652260-660355,13-07-2021,29,4652260-10450-1,,,
4652260-660355,15-03-2022,11,4652260-10450-1,,,
4800180-27528,15-01-2019,59,4800180-10450-1,,,
4800180-27528,15-07-2019,43,4800180-10450-1,,,
4800180-27528,14-01-2020,23,4800180-10450-1,,,
4800180-27528,17-03-2020,19,4800180-10450-1,,,
4800180-27528,14-07-2020,45,4800180-10450-1,,,
4800180-27528,15-03-2022,48,4800180-10450-1,,,
4800180-27528,17-05-2022,20,4800180-10450-1,,,
4652260-660355,14-09-2020,5,4652260-10450-1,,,
4652260-660355,14-09-2021,17,4652260-10450-1,,,
4802560-30568,13-03-2019,26,4802560-10450-1,,,
4802560-30568,14-01-2020,49,4802560-10450-1,,,
4802560-30568,17-03-2020,49,4802560-10450-1,,,
4802560-30568,12-05-2020,60,4802560-10450-1,,,
4800180-27528,16-09-2019,40,4800180-10450-1,,,
4800180-27528,16-11-2020,102,4800180-10450-1,,,
4800180-27528,16-05-2021,54,4800180-10450-1,,,
4802560-30568,16-11-2021,51,4802560-10450-1,,,
4802560-30568,15-01-2019,61,4802560-10450-1,,,
4802560-30568,14-05-2019,60,4802560-10450-1,,,
4802560-30568,15-07-2019,67,4802560-10450-1,,,
4802560-30568,15-03-2021,36,4802560-10450-1,,,
5003100-6371,17-03-2020,14,5003100-10450-1,,,
4851520-657004,16-09-2019,57,4851520-10450-1,,,
4851520-657004,12-11-2019,73,4851520-10450-1,,,
4851520-657004,13-07-2021,58,4851520-10450-1,,,
4851520-657004,14-09-2021,49,4851520-10450-1,,,
4851520-657004,13-01-2021,61,4851520-10450-1,,,
4851520-657004,16-05-2021,64,4851520-10450-1,,,
4802560-30568,13-01-2021,51,4802560-10450-1,,,
4802560-30568,16-05-2021,39,4802560-10450-1,,,
4802560-30568,14-09-2021,48,4802560-10450-1,,,
4802560-30568,15-03-2022,40,4802560-10450-1,,,
5401100-11480,20-01-2021,1,5401100-10450-1,,,
4851520-657004,17-03-2020,30,4851520-10450-1,,,
4851520-657004,14-07-2020,52,4851520-10450-1,,,
4851520-657004,16-11-2021,39,4851520-10450-1,,,
5402616-117710,14-01-2020,4,5402616-10450-1,,,
4902200-552707,16-11-2021,14,4902200-10450-1,,,
5003100-6371,16-09-2019,18,5003100-10450-1,,,
5003100-6371,12-11-2019,23,5003100-10450-1,,,
5120070-564666,16-11-2021,11,5120070-10450-1,,,
5120070-564666,17-01-2022,7,5120070-10450-1,,,
5151040-27328,14-07-2020,36,5151040-10450-1,,,
5151040-27328,16-11-2021,37,5151040-10450-1,,,
5151040-27328,17-01-2022,31,5151040-10450-1,,,
5003100-6371,15-01-2019,13,5003100-10450-1,,,
5003100-6371,15-07-2019,20,5003100-10450-1,,,
5003100-6371,14-09-2021,21,5003100-10450-1,,,
5120070-564666,12-05-2020,6,5120070-10450-1,,,
5120070-564666,16-05-2021,7,5120070-10450-1,,,
5120070-564666,13-07-2021,8,5120070-10450-1,,,
5120070-564666,15-03-2021,10,5120070-10450-1,,,
5120070-564666,15-03-2022,8,5120070-10450-1,,,
5151040-27328,13-03-2019,34,5151040-10450-1,,,
5151040-27328,14-05-2019,39,5151040-10450-1,,,
5151040-27328,14-01-2020,47,5151040-10450-1,,,
5151040-27328,13-01-2021,39,5151040-10450-1,,,
5151040-27328,15-03-2022,30,5151040-10450-1,,,
4022186-655901,14-01-2020,13,4022186-10450-1,,,
4022186-655901,16-05-2021,8,4022186-10450-1,,,
4022186-655901,15-03-2022,0,4022186-10450-1,,,
4023988-666914,15-03-2022,44,4023988-10450-1,,,
4022186-655901,17-03-2020,11,4022186-10450-1,,,
4022186-655901,16-11-2020,9,4022186-10450-1,,,
4080195-667452,16-05-2022,5,4080195-10450-1,,,
4203440-460135,16-11-2021,22,4203440-10450-1,,,
4404740-660694,16-05-2021,22,4404740-10450-1,,,
4404740-660694,17-01-2022,20,4404740-10450-1,,,
4404740-660694,16-05-2022,20,4404740-10450-1,,,
4204280-655522,15-01-2019,24,4204280-10450-1,,,
4204280-655522,13-03-2019,44,4204280-10450-1,,,
4204280-655522,14-05-2019,20,4204280-10450-1,,,
4204280-655522,16-09-2019,31,4204280-10450-1,,,
4204280-655522,16-05-2021,26,4204280-10450-1,,,
4080195-667452,15-03-2022,6,4080195-10450-1,,,
4203260-25451,13-01-2021,27,4203260-10450-1,,,
4203440-460135,12-11-2019,23,4203440-10450-1,,,
4203440-460135,14-01-2020,24,4203440-10450-1,,,
4203440-460135,17-03-2020,16,4203440-10450-1,,,
4203440-460135,16-05-2021,39,4203440-10450-1,,,
4551660-212336,14-05-2019,4,4551660-10450-1,,,
4204280-655522,12-11-2019,36,4204280-10450-1,,,
4204280-655522,17-03-2020,12,4204280-10450-1,,,
4204280-655522,12-05-2020,21,4204280-10450-1,,,
4204280-655522,16-11-2021,21,4204280-10450-1,,,
4301660-354522,14-05-2019,26,4301660-10450-1,,,
4301660-354522,15-07-2019,41,4301660-10450-1,,,
4301660-354522,12-05-2020,23,4301660-10450-1,,,
4301660-354522,15-03-2021,33,4301660-10450-1,,,
4301660-354522,14-09-2021,47,4301660-10450-1,,,
4203260-25451,14-09-2021,33,4203260-10450-1,,,
4203260-25451,16-11-2021,30,4203260-10450-1,,,
4203440-460135,15-01-2019,39,4203440-10450-1,,,
4203440-460135,14-05-2019,21,4203440-10450-1,,,
4203440-460135,16-05-2022,21,4203440-10450-1,,,
4204280-655522,15-07-2019,38,4204280-10450-1,,,
4652260-660355,16-11-2020,15,4652260-10450-1,,,
4352020-667288,14-09-2021,27,4352020-10450-1,,,
5003100-6371,13-03-2019,8,5003100-10450-1,,,
5003100-6371,14-07-2020,21,5003100-10450-1,,,
5003100-6371,14-09-2020,31,5003100-10450-1,,,
5003100-6371,16-11-2021,20,5003100-10450-1,,,
4404740-660694,15-03-2021,23,4404740-10450-1,,,
4404740-660694,13-07-2021,26,4404740-10450-1,,,
4404740-660694,14-09-2021,28,4404740-10450-1,,,
4203260-25451,13-07-2021,31,4203260-10450-1,,,
4203260-25451,16-05-2022,27,4203260-10450-1,,,
4203440-460135,16-11-2020,26,4203440-10450-1,,,
4404740-660694,16-11-2020,19,4404740-10450-1,,,
5151040-27328,16-11-2020,55,5151040-10450-1,,,
5151040-27328,15-03-2021,42,5151040-10450-1,,,
4551660-212336,12-05-2020,4,4551660-10450-1,,,
4551660-212336,16-05-2021,3,4551660-10450-1,,,
4800180-27528,12-05-2020,33,4800180-10450-1,,,
4800180-27528,13-07-2021,38,4800180-10450-1,,,
4551660-212336,14-09-2020,10,4551660-10450-1,,,
4551660-212336,17-01-2022,6,4551660-10450-1,,,
4551660-212336,16-09-2019,10,4551660-10450-1,,,
4551660-212336,12-11-2019,14,4551660-10450-1,,,
4551660-212336,13-01-2021,7,4551660-10450-1,,,
4551660-212336,15-03-2021,4,4551660-10450-1,,,
4551660-212336,17-05-2022,14,4551660-10450-1,,,
4301660-354522,15-01-2019,30,4301660-10450-1,,,
4301660-354522,14-09-2020,52,4301660-10450-1,,,
4851520-657004,14-01-2020,34,4851520-10450-1,,,
4851520-657004,14-09-2020,81,4851520-10450-1,,,
4851520-657004,16-11-2020,55,4851520-10450-1,,,
4851520-657004,15-03-2022,40,4851520-10450-1,,,
4352020-667288,17-01-2022,32,4352020-10450-1,,,
4652260-660355,15-03-2021,18,4652260-10450-1,,,
4652260-660355,16-11-2021,17,4652260-10450-1,,,
4404740-660694,13-01-2021,24,4404740-10450-1,,,
4800180-27528,12-11-2019,55,4800180-10450-1,,,
4800180-27528,14-09-2020,56,4800180-10450-1,,,
4802560-30568,12-11-2019,84,4802560-10450-1,,,
4802560-30568,14-07-2020,68,4802560-10450-1,,,
4851520-657004,15-07-2019,30,4851520-10450-1,,,
4851520-657004,15-03-2021,43,4851520-10450-1,,,
4800180-27528,13-03-2019,16,4800180-10450-1,,,
4800180-27528,14-05-2019,36,4800180-10450-1,,,
4800180-27528,15-03-2021,139,4800180-10450-1,,,
4800180-27528,16-11-2021,56,4800180-10450-1,,,
4902200-552707,14-09-2021,13,4902200-10450-1,,,
4902200-552707,17-01-2022,16,4902200-10450-1,,,
4902200-552707,17-05-2022,16,4902200-10450-1,,,
5151040-27328,14-09-2020,63,5151040-10450-1,,,
5151040-27328,14-09-2021,72,5151040-10450-1,,,
4551660-212336,17-03-2020,4,4551660-10450-1,,,
5003100-6371,14-01-2020,11,5003100-10450-1,,,
5003100-6371,17-01-2022,14,5003100-10450-1,,,
5003100-6371,13-01-2021,14,5003100-10450-1,,,
5003100-6371,16-05-2021,17,5003100-10450-1,,,
5003100-6371,14-05-2019,18,5003100-10450-1,,,
5003100-6371,12-05-2020,10,5003100-10450-1,,,
5003100-6371,17-05-2022,19,5003100-10450-1,,,
5120070-564666,17-03-2020,9,5120070-10450-1,,,
5120070-564666,14-09-2020,10,5120070-10450-1,,,
5120070-564666,13-01-2021,10,5120070-10450-1,,,
5120070-564666,16-11-2020,3,5120070-10450-1,,,
5120070-564666,16-05-2022,8,5120070-10450-1,,,
4800180-27528,13-01-2021,77,4800180-10450-1,,,
4800180-27528,17-01-2022,80,4800180-10450-1,,,
5151040-27328,15-01-2019,43,5151040-10450-1,,,
5151040-27328,12-05-2020,36,5151040-10450-1,,,
5151040-27328,17-05-2022,66,5151040-10450-1,,,
5151040-27328,15-07-2019,91,5151040-10450-1,,,
5151040-27328,12-11-2019,88,5151040-10450-1,,,
5151040-27328,13-07-2021,85,5151040-10450-1,,,
4851520-657004,12-05-2020,25,4851520-10450-1,,,
4851520-657004,17-05-2022,60,4851520-10450-1,,,
4853400-584804,17-05-2022,73,4853400-10450-1,,,
5650360-19177,14-05-2019,4,5650360-10450-1,,,
5650360-19177,16-11-2020,5,5650360-10450-1,,,
5650360-19177,14-09-2021,6,5650360-10450-1,,,
5650360-19177,16-11-2021,6,5650360-10450-1,,,
5650360-19177,17-01-2022,2,5650360-10450-1,,,
5301960-669298,17-05-2022,0,5301960-10450-1,,,
5700018-575696,14-05-2019,19,5700018-10450-1,,,
5700018-575696,14-09-2020,22,5700018-10450-1,,,
5700040-118183,13-03-2019,33,5700040-10450-1,,,
5402616-117710,17-03-2020,5,5402616-10450-1,,,
5402616-117710,16-11-2020,5,5402616-10450-1,,,
5402616-117710,13-07-2021,5,5402616-10450-1,,,
5151040-27328,16-09-2019,95,5151040-10450-1,,,
5151040-27328,17-03-2020,25,5151040-10450-1,,,
5151040-27328,16-05-2021,143,5151040-10450-1,,,
5401100-11480,16-11-2020,1,5401100-10450-1,,,
5401100-11480,13-01-2021,5,5401100-10450-1,,,
5402616-117710,14-05-2019,8,5402616-10450-1,,,
5503520-662283,17-05-2022,9,5503520-10450-1,,,
5650360-19177,13-07-2021,5,5650360-10450-1,,,
5700740-667823,15-03-2022,31,5700740-10450-1,,,
5851880-19711,13-07-2021,18,5851880-10450-1,,,
5650360-19177,12-11-2019,8,5650360-10450-1,,,
5650360-19177,13-01-2021,3,5650360-10450-1,,,
5650360-19177,15-03-2022,2,5650360-10450-1,,,
5402616-117710,14-07-2020,4,5402616-10450-1,,,
5402616-117710,16-05-2021,7,5402616-10450-1,,,
5700018-575696,15-07-2019,19,5700018-10450-1,,,
5700018-575696,14-07-2020,16,5700018-10450-1,,,
5700018-575696,16-05-2022,18,5700018-10450-1,,,
5700040-118183,14-05-2019,33,5700040-10450-1,,,
5700040-118183,15-07-2019,48,5700040-10450-1,,,
5700740-667823,17-01-2022,38,5700740-10450-1,,,
5700018-575696,12-11-2019,18,5700018-10450-1,,,
5700018-575696,16-11-2021,20,5700018-10450-1,,,
5700018-575696,15-03-2022,16,5700018-10450-1,,,
5700040-118183,12-11-2019,44,5700040-10450-1,,,
5700040-118183,14-07-2020,47,5700040-10450-1,,,
5700040-118183,14-09-2020,57,5700040-10450-1,,,
5700040-118183,13-07-2021,58,5700040-10450-1,,,
5700040-118183,16-05-2022,37,5700040-10450-1,,,
5700740-667823,16-11-2021,35,5700740-10450-1,,,
5700018-575696,13-01-2021,17,5700018-10450-1,,,
5700018-575696,16-05-2021,27,5700018-10450-1,,,
5700040-118183,12-05-2020,49,5700040-10450-1,,,
5700040-118183,13-01-2021,53,5700040-10450-1,,,
5700040-118183,15-03-2022,37,5700040-10450-1,,,
5851880-19711,14-05-2019,15,5851880-10450-1,,,
5851880-19711,14-09-2020,21,5851880-10450-1,,,
5851880-19711,17-03-2020,11,5851880-10450-1,,,
5851880-19711,16-05-2021,13,5851880-10450-1,,,
5851880-19711,16-11-2021,32,5851880-10450-1,,,
5650360-19177,13-03-2019,5,5650360-10450-1,,,
5700018-575696,13-03-2019,19,5700018-10450-1,,,
5700018-575696,16-09-2019,19,5700018-10450-1,,,
5700018-575696,15-03-2021,25,5700018-10450-1,,,
5700040-118183,14-01-2020,45,5700040-10450-1,,,
5700040-118183,16-11-2020,46,5700040-10450-1,,,
5700040-118183,15-03-2021,35,5700040-10450-1,,,
5700040-118183,17-01-2022,59,5700040-10450-1,,,
5851880-19711,15-03-2022,19,5851880-10450-1,,,
3053860-667557,04-05-2022,6,3053860-10450-1,,,
3051580-669069,04-05-2022,7,3051580-10450-1,,,
3052140-669199,04-05-2022,3,3052140-10450-1,,,
3021000-113977,04-05-2022,0,3021000-10450-1,,,
3052720-667640,04-05-2022,7,3052720-10450-1,,,
3021810-572886,04-05-2022,4,3021810-10450-1,,,
3700280-112499,04-05-2022,8,3700280-10450-1,,,
3251640-3556,03-05-2022,21,3251640-10450-1,,,
3252680-2783,03-05-2022,37,3252680-10450-1,,,
4352020-667288,04-05-2022,33,4352020-10450-1,,,
4800180-27528,04-05-2022,20,4800180-10450-1,,,
4802560-30568,04-05-2022,56,4802560-10450-1,,,
5120070-564666,04-05-2022,8,5120070-10450-1,,,
4902200-552707,05-05-2022,16,4902200-10450-1,,,
5151040-27328,09-05-2022,66,5151040-10450-1,,,
5003100-6371,04-05-2022,19,5003100-10450-1,,,
4404740-660694,04-05-2022,20,4404740-10450-1,,,
3251640-3556,12-07-2022,24,3251640-10450-1,,,
3051580-669069,13-07-2022,13,3051580-10450-1,,,
5301960-669298,12-07-2022,7,5301960-10450-1,,,
4080195-667452,13-07-2022,7,4080195-10450-1,,,
1155680-666566,14-06-2022,15,1155680-10450-1,,,
4203260-25451,13-07-2022,31,4203260-10450-1,,,
3021000-113977,13-07-2022,0,3021000-10450-1,,,
0503000-161369,14-06-2022,18,0503000-10450-1,,,
0403620-659461,14-06-2022,5,0403620-10450-1,,,
4902200-552707,12-07-2022,15,4902200-10450-1,,,
4352020-667288,13-07-2022,30,4352020-10450-1,,,
5700018-575696,13-07-2022,16,5700018-10450-1,,,
3401740-655068,13-07-2022,22,3401740-10450-1,,,
4800180-27528,12-07-2022,37,4800180-10450-1,,,
3053640-669380,13-07-2022,9,3053640-10450-1,,,
1351680-580060,14-06-2022,3,1351680-10450-1,,,
3021810-572886,13-07-2022,7,3021810-10450-1,,,
0050405-66769,14-06-2022,8,0050405-10450-1,,,
4851520-657004,12-07-2022,44,4851520-10450-1,,,
0300500-667982,14-06-2022,5,0300500-10450-1,,,
3022780-669690,13-07-2022,1,3022780-10450-1,,,
4023988-666914,13-07-2022,25,4023988-10450-1,,,
4802560-30568,12-07-2022,50,4802560-10450-1,,,
3202220-657268,12-07-2022,48,3202220-10450-1,,,
5003100-6371,12-07-2022,22,5003100-10450-1,,,
4652260-660355,12-07-2022,25,4652260-10450-1,,,
5503520-662283,12-07-2022,-9,5503520-10450-1,,,
3101640-669409,13-07-2022,2,3101640-10450-1,,,
4203440-460135,13-07-2022,28,4203440-10450-1,,,
3551920-668896,13-07-2022,7,3551920-10450-1,,,
4001105-552039,12-07-2022,38,4001105-10450-1,,,
5851880-19711,13-07-2022,37,5851880-10450-1,,,
3052140-669199,13-07-2022,8,3052140-10450-1,,,
3552800-578168,13-07-2022,19,3552800-10450-1,,,
5120070-564666,13-07-2022,7,5120070-10450-1,,,
0102380-7575,14-06-2022,2,0102380-10450-1,,,
0800340-294760,14-06-2022,1,0800340-10450-1,,,
3822470-652614,13-07-2022,32,3822470-10450-1,,,
0952020-660047,14-06-2022,9,0952020-10450-1,,,
0952010-660047,14-06-2022,7,0952010-10450-1,,,
4404740-660694,13-07-2022,19,4404740-10450-1,,,
0701030-577306,14-06-2022,44,0701030-10450-1,,,
3020630-661310,13-07-2022,5,3020630-10450-1,,,
0050405-66769,14-08-2022,8,0050405-10450-1,,,
0102380-7575,14-08-2022,6,0102380-10450-1,,,
0102400-10621,14-08-2022,5,0102400-10450-1,,,
0208030-660671,14-08-2022,2,0208030-10450-1,,,
0300500-667982,14-08-2022,8,0300500-10450-1,,,
5402616-117710,12-11-2019,2,5402616-10450-1,,,
4902200-552707,16-11-2020,9,4902200-10450-1,,,
4902200-552707,13-07-2021,13,4902200-10450-1,,,
4902200-552707,15-03-2022,13,4902200-10450-1,,,
5003100-6371,16-11-2020,22,5003100-10450-1,,,
5003100-6371,15-03-2021,13,5003100-10450-1,,,
5003100-6371,13-07-2021,18,5003100-10450-1,,,
5003100-6371,15-03-2022,18,5003100-10450-1,,,
5851880-19711,13-03-2019,9,5851880-10450-1,,,
5851880-19711,13-09-2021,28,5851880-10450-1,,,
5120070-564666,14-07-2020,10,5120070-10450-1,,,
5402616-117710,15-07-2019,7,5402616-10450-1,,,
5402616-117710,16-09-2019,5,5402616-10450-1,,,
5402616-117710,12-05-2020,3,5402616-10450-1,,,
5402616-117710,15-03-2021,6,5402616-10450-1,,,
5402616-117710,15-01-2019,6,5402616-10450-1,,,
5402616-117710,13-03-2019,5,5402616-10450-1,,,
5402616-117710,14-09-2020,9,5402616-10450-1,,,
5402616-117710,13-01-2021,6,5402616-10450-1,,,
5402616-117710,21-07-2021,2,5402616-10450-1,,,
5700040-118183,16-11-2021,51,5700040-10450-1,,,
5650360-19177,15-01-2019,34,5650360-10450-1,,,
5650360-19177,15-07-2019,5,5650360-10450-1,,,
5650360-19177,14-01-2020,6,5650360-10450-1,,,
5650360-19177,14-09-2020,10,5650360-10450-1,,,
5650360-19177,17-05-2022,8,5650360-10450-1,,,
5650360-19177,16-09-2019,4,5650360-10450-1,,,
5650360-19177,17-03-2020,3,5650360-10450-1,,,
5650360-19177,14-07-2020,7,5650360-10450-1,,,
5700018-575696,15-01-2019,21,5700018-10450-1,,,
5700018-575696,14-01-2020,17,5700018-10450-1,,,
5700018-575696,16-11-2020,9,5700018-10450-1,,,
5700018-575696,13-07-2021,26,5700018-10450-1,,,
5700018-575696,13-09-2021,11,5700018-10450-1,,,
5700040-118183,17-03-2020,38,5700040-10450-1,,,
5650360-19177,12-05-2020,10,5650360-10450-1,,,
5650360-19177,15-03-2021,6,5650360-10450-1,,,
5650360-19177,16-05-2021,7,5650360-10450-1,,,
5700740-667823,16-05-2022,33,5700740-10450-1,,,
5700018-575696,17-03-2020,14,5700018-10450-1,,,
5700018-575696,12-05-2020,17,5700018-10450-1,,,
5700018-575696,17-01-2022,25,5700018-10450-1,,,
5700040-118183,15-01-2019,38,5700040-10450-1,,,
5700040-118183,16-09-2019,50,5700040-10450-1,,,
5700040-118183,16-05-2021,47,5700040-10450-1,,,
5700040-118183,13-09-2021,33,5700040-10450-1,,,
5851880-19711,15-07-2019,18,5851880-10450-1,,,
5851880-19711,12-05-2020,13,5851880-10450-1,,,
5851880-19711,16-11-2020,16,5851880-10450-1,,,
5851880-19711,15-03-2021,12,5851880-10450-1,,,
5851880-19711,17-01-2022,25,5851880-10450-1,,,
5851880-19711,16-05-2022,29,5851880-10450-1,,,
5851880-19711,15-01-2019,18,5851880-10450-1,,,
5851880-19711,14-01-2020,10,5851880-10450-1,,,
5851880-19711,16-09-2019,17,5851880-10450-1,,,
5851880-19711,12-11-2019,23,5851880-10450-1,,,
5851880-19711,14-07-2020,15,5851880-10450-1,,,
5851880-19711,13-01-2021,15,5851880-10450-1,,,
3202220-657268,03-05-2022,45,3202220-10450-1,,,
3300560-578072,04-05-2022,1,3300560-10450-1,,,
3551920-668896,04-05-2022,6,3551920-10450-1,,,
3552800-578168,04-05-2022,20,3552800-10450-1,,,
3550880-662005,04-05-2022,6,3550880-10450-1,,,
4080195-667452,04-05-2022,5,4080195-10450-1,,,
3750682-657762,04-05-2022,8,3750682-10450-1,,,
3020630-661310,04-05-2022,6,3020630-10450-1,,,
4204280-655522,04-05-2022,20,4204280-10450-1,,,
3822470-652614,04-05-2022,22,3822470-10450-1,,,
3823610-658766,04-05-2022,69,3823610-10450-1,,,
4001105-552039,03-05-2022,28,4001105-10450-1,,,
4023988-666914,03-05-2022,22,4023988-10450-1,,,
4202260-479111,04-05-2022,25,4202260-10450-1,,,
4022186-655901,04-05-2022,2,4022186-10450-1,,,
4203260-25451,04-05-2022,27,4203260-10450-1,,,
4551660-212336,04-05-2022,14,4551660-10450-1,,,
3401740-655068,04-05-2022,17,3401740-10450-1,,,
4203440-460135,04-05-2022,21,4203440-10450-1,,,
4851520-657004,04-05-2022,60,4851520-10450-1,,,
4652260-660355,03-05-2022,15,4652260-10450-1,,,
5503520-662283,05-05-2022,9,5503520-10450-1,,,
4853400-584804,04-05-2022,73,4853400-10450-1,,,
5700040-118183,04-05-2022,37,5700040-10450-1,,,
5650360-19177,06-05-2022,8,5650360-10450-1,,,
5851880-19711,04-05-2022,29,5851880-10450-1,,,
5700018-575696,04-05-2022,18,5700018-10450-1,,,
5700740-667823,04-05-2022,33,5700740-10450-1,,,
0504360-74913,14-06-2022,21,0504360-10450-1,,,
5700040-118183,13-07-2022,32,5700040-10450-1,,,
0208030-660671,14-06-2022,4,0208030-10450-1,,,
4551660-212336,12-07-2022,8,4551660-10450-1,,,
1052480-161532,14-06-2022,7,1052480-10450-1,,,
3700280-112499,13-07-2022,7,3700280-10450-1,,,
3550880-662005,13-07-2022,5,3550880-10450-1,,,
5700740-667823,13-07-2022,37,5700740-10450-1,,,
3053860-667557,13-07-2022,6,3053860-10450-1,,,
5151040-27328,12-07-2022,60,5151040-10450-1,,,
1301320-669209,14-06-2022,6,1301320-10450-1,,,
3252680-2783,12-07-2022,102,3252680-10450-1,,,
0551540-660973,14-06-2022,23,0551540-10450-1,,,
3300560-578072,13-07-2022,2,3300560-10450-1,,,
4204280-655522,13-07-2022,34,4204280-10450-1,,,
5351020-669479,12-07-2022,5,5351020-10450-1,,,
4022186-655901,13-07-2022,2,4022186-10450-1,,,
0102400-10621,14-06-2022,5,0102400-10450-1,,,
3052720-667640,13-07-2022,7,3052720-10450-1,,,
3823610-658766,13-07-2022,148,3823610-10450-1,,,
5302620-669509,12-07-2022,6,5302620-10450-1,,,
1652420-572912,14-06-2022,21,1652420-10450-1,,,
3750682-657762,13-07-2022,9,3750682-10450-1,,,
1453010-564893,14-06-2022,14,1453010-10450-1,,,
4853400-584804,12-07-2022,97,4853400-10450-1,,,
4202260-479111,13-07-2022,45,4202260-10450-1,,,
5650360-19177,12-07-2022,11,5650360-10450-1,,,
0952020-660047,14-08-2022,9,0952020-10450-1,,,
0800340-294760,14-08-2022,1,0800340-10450-1,,,
1052480-161532,14-08-2022,10,1052480-10450-1,,,
1155680-666566,14-08-2022,0,1155680-10450-1,,,
1351680-580060,14-08-2022,7,1351680-10450-1,,,
1301320-669209,14-08-2022,8,1301320-10450-1,,,
0551540-660973,15-08-2022,19,0551540-10450-1,,,
0503000-161369,15-08-2022,19,0503000-10450-1,,,
0403620-659461,14-08-2022,5,0403620-10450-1,,,
0504360-74913,15-08-2022,16,0504360-10450-1,,,
0701030-577306,14-08-2022,38,0701030-10450-1,,,
1652420-572912,15-08-2022,25,1652420-10450-1,,,
3252680-2783,13-09-2022,-22,3252680-10450-1,,,
3300560-578072,13-09-2022,2,3300560-10450-1,,,
3251640-3556,13-09-2022,25,3251640-10450-1,,,
3401740-655068,13-09-2022,27,3401740-10450-1,,,
3352480-26815,13-09-2022,12,3352480-10450-1,,,
3700280-112499,13-09-2022,8,3700280-10450-1,,,
3550880-662005,13-09-2022,6,3550880-10450-1,,,
3551920-668896,13-09-2022,17,3551920-10450-1,,,
3552800-578168,13-09-2022,18,3552800-10450-1,,,
3750682-657762,13-09-2022,9,3750682-10450-1,,,
3822470-652614,13-09-2022,22,3822470-10450-1,,,
4023988-666914,13-09-2022,24,4023988-10450-1,,,
4204280-655522,13-09-2022,32,4204280-10450-1,,,
3823610-658766,13-09-2022,109,3823610-10450-1,,,
5120070-564666,13-09-2022,5,5120070-10450-1,,,
5151040-27328,13-09-2022,49,5151040-10450-1,,,
5503520-662283,13-09-2022,0,5503520-10450-1,,,
5302620-669509,13-09-2022,23,5302620-10450-1,,,
5351020-669479,13-09-2022,14,5351020-10450-1,,,
5700740-667823,13-09-2022,35,5700740-10450-1,,,
5650740-669716,13-09-2022,7,5650740-10450-1,,,
5851880-19711,13-09-2022,29,5851880-10450-1,,,
5700018-575696,13-09-2022,18,5700018-10450-1,,,
5650360-19177,13-09-2022,10,5650360-10450-1,,,
5700040-118183,13-09-2022,37,5700040-10450-1,,,
0050405-66769,16-10-2022,9,0050405-10450-1,,,
0102380-7575,16-10-2022,2,0102380-10450-1,,,
0102400-10621,16-10-2022,6,0102400-10450-1,,,
0800340-294760,16-10-2022,1,0800340-10450-1,,,
1155680-666566,16-10-2022,3,1155680-10450-1,,,
1301320-669209,16-10-2022,10,1301320-10450-1,,,
1052480-161532,16-10-2022,5,1052480-10450-1,,,
1351680-580060,16-10-2022,9,1351680-10450-1,,,
1354280-670167,16-10-2022,8,1354280-10450-1,,,
1453010-564893,16-10-2022,16,1453010-10450-1,,,
3021000-113977,14-11-2022,0,3021000-10450-1,,,
3020630-661310,14-11-2022,5,3020630-10450-1,,,
3021810-572886,14-11-2022,10,3021810-10450-1,,,
3051580-669069,14-11-2022,11,3051580-10450-1,,,
3022780-669690,14-11-2022,4,3022780-10450-1,,,
3053640-669380,14-11-2022,11,3053640-10450-1,,,
3051080-669963,14-11-2022,6,3051080-10450-1,,,
3101640-669409,14-11-2022,5,3101640-10450-1,,,
3053860-667557,14-11-2022,5,3053860-10450-1,,,
3052720-667640,14-11-2022,6,3052720-10450-1,,,
3202220-657268,15-11-2022,39,3202220-10450-1,,,
3052140-669199,14-11-2022,9,3052140-10450-1,,,
3251640-3556,15-11-2022,21,3251640-10450-1,,,
3352480-26815,14-11-2022,14,3352480-10450-1,,,
3252680-2783,15-11-2022,18,3252680-10450-1,,,
3551920-668896,14-11-2022,10,3551920-10450-1,,,
3552800-578168,14-11-2022,17,3552800-10450-1,,,
3550880-662005,14-11-2022,4,3550880-10450-1,,,
3700280-112499,14-11-2022,7,3700280-10450-1,,,
3300560-578072,14-11-2022,1,3300560-10450-1,,,
3401740-655068,14-11-2022,23,3401740-10450-1,,,
4404740-660694,14-11-2022,22,4404740-10450-1,,,
5151040-27328,15-11-2022,39,5151040-10450-1,,,
5003100-6371,15-11-2022,23,5003100-10450-1,,,
4551660-212336,15-11-2022,7,4551660-10450-1,,,
5120070-564666,14-11-2022,9,5120070-10450-1,,,
4851520-657004,15-11-2022,44,4851520-10450-1,,,
4800180-27528,15-11-2022,28,4800180-10450-1,,,
4902200-552707,15-11-2022,13,4902200-10450-1,,,
5301960-669298,15-11-2022,10,5301960-10450-1,,,
5351020-669479,15-11-2022,31,5351020-10450-1,,,
5401100-11480,15-11-2022,1,5401100-10450-1,,,
5650740-669716,15-11-2022,3,5650740-10450-1,,,
5503520-662283,15-11-2022,2,5503520-10450-1,,,
5700040-118183,14-11-2022,39,5700040-10450-1,,,
5302620-669509,15-11-2022,20,5302620-10450-1,,,
5650360-19177,15-11-2022,9,5650360-10450-1,,,
0952020-660047,13-12-2022,6,0952020-10450-1,,,
0952010-660047,13-12-2022,5,0952010-10450-1,,,
1052480-161532,13-12-2022,5,1052480-10450-1,,,
1155680-666566,13-12-2022,1,1155680-10450-1,,,
1351680-580060,13-12-2022,4,1351680-10450-1,,,
1301320-669209,13-12-2022,7,1301320-10450-1,,,
1354280-670167,13-12-2022,15,1354280-10450-1,,,
1651800-670534,13-12-2022,36,1651800-10450-1,,,
1453010-564893,13-12-2022,20,1453010-10450-1,,,
1652420-572912,13-12-2022,26,1652420-10450-1,,,
0800340-294760,13-12-2022,0,0800340-10450-1,,,
3021810-572886,17-01-2023,9,3021810-10450-1,,,
3051080-669963,17-01-2023,6,3051080-10450-1,,,
3021000-113977,17-01-2023,0,3021000-10450-1,,,
3020630-661310,17-01-2023,6,3020630-10450-1,,,
3052140-669199,17-01-2023,9,3052140-10450-1,,,
3052720-667640,17-01-2023,5,3052720-10450-1,,,
3022780-669690,17-01-2023,5,3022780-10450-1,,,
3051580-669069,17-01-2023,11,3051580-10450-1,,,
3053860-667557,17-01-2023,3,3053860-10450-1,,,
3101640-669409,17-01-2023,4,3101640-10450-1,,,
3058400-670702,17-01-2023,3,3058400-10450-1,,,
3252680-2783,16-01-2023,34,3252680-10450-1,,,
4551660-212336,16-01-2023,5,4551660-10450-1,,,
4652260-660355,16-01-2023,70,4652260-10450-1,,,
4404740-660694,17-01-2023,18,4404740-10450-1,,,
4902200-552707,16-01-2023,13,4902200-10450-1,,,
4853400-584804,16-01-2023,82,4853400-10450-1,,,
4552720-669949,16-01-2023,21,4552720-10450-1,,,
4802560-30568,16-01-2023,26,4802560-10450-1,,,
4800180-27528,16-01-2023,28,4800180-10450-1,,,
4851520-657004,16-01-2023,31,4851520-10450-1,,,
5151040-27328,16-01-2023,39,5151040-10450-1,,,
5120070-564666,17-01-2023,9,5120070-10450-1,,,
5302620-669509,16-01-2023,12,5302620-10450-1,,,
5003100-6371,16-01-2023,18,5003100-10450-1,,,
5301960-669298,16-01-2023,9,5301960-10450-1,,,
5401100-11480,16-01-2023,1,5401100-10450-1,,,
0208030-660671,14-02-2023,4,0208030-10450-1,,,
0300500-667982,14-02-2023,6,0300500-10450-1,,,
0503000-161369,14-02-2023,20,0503000-10450-1,,,
1453010-564893,15-08-2022,17,1453010-10450-1,,,
0952010-660047,14-08-2022,6,0952010-10450-1,,,
3021810-572886,13-09-2022,8,3021810-10450-1,,,
3020630-661310,13-09-2022,6,3020630-10450-1,,,
3021000-113977,13-09-2022,1,3021000-10450-1,,,
3022780-669690,13-09-2022,5,3022780-10450-1,,,
3052720-667640,13-09-2022,9,3052720-10450-1,,,
3051080-669963,13-09-2022,2,3051080-10450-1,,,
3053860-667557,13-09-2022,5,3053860-10450-1,,,
3052140-669199,13-09-2022,8,3052140-10450-1,,,
3053640-669380,13-09-2022,10,3053640-10450-1,,,
3051580-669069,13-09-2022,9,3051580-10450-1,,,
3101640-669409,13-09-2022,4,3101640-10450-1,,,
3202220-657268,13-09-2022,40,3202220-10450-1,,,
4022186-655901,13-09-2022,4,4022186-10450-1,,,
4001105-552039,13-09-2022,27,4001105-10450-1,,,
4352020-667288,13-09-2022,34,4352020-10450-1,,,
4080195-667452,13-09-2022,14,4080195-10450-1,,,
4203260-25451,13-09-2022,32,4203260-10450-1,,,
4203440-460135,13-09-2022,25,4203440-10450-1,,,
4202260-479111,13-09-2022,45,4202260-10450-1,,,
4551660-212336,13-09-2022,6,4551660-10450-1,,,
4552720-669949,13-09-2022,8,4552720-10450-1,,,
4853400-584804,13-09-2022,102,4853400-10450-1,,,
4800180-27528,13-09-2022,26,4800180-10450-1,,,
5003100-6371,13-09-2022,23,5003100-10450-1,,,
4404740-660694,13-09-2022,25,4404740-10450-1,,,
4802560-30568,13-09-2022,44,4802560-10450-1,,,
4652260-660355,13-09-2022,17,4652260-10450-1,,,
5301960-669298,13-09-2022,3,5301960-10450-1,,,
4902200-552707,13-09-2022,12,4902200-10450-1,,,
4851520-657004,13-09-2022,54,4851520-10450-1,,,
0208030-660671,16-10-2022,0,0208030-10450-1,,,
0300500-667982,16-10-2022,8,0300500-10450-1,,,
0551540-660973,16-10-2022,24,0551540-10450-1,,,
0503000-161369,16-10-2022,19,0503000-10450-1,,,
0504360-74913,16-10-2022,18,0504360-10450-1,,,
0403620-659461,16-10-2022,4,0403620-10450-1,,,
0701030-577306,16-10-2022,38,0701030-10450-1,,,
0952020-660047,16-10-2022,8,0952020-10450-1,,,
0952010-660047,16-10-2022,7,0952010-10450-1,,,
1652420-572912,16-10-2022,22,1652420-10450-1,,,
4022186-655901,14-11-2022,3,4022186-10450-1,,,
3822470-652614,14-11-2022,25,3822470-10450-1,,,
4023988-666914,14-11-2022,26,4023988-10450-1,,,
3750682-657762,14-11-2022,8,3750682-10450-1,,,
3823610-658766,14-11-2022,72,3823610-10450-1,,,
4001105-552039,15-11-2022,37,4001105-10450-1,,,
4203260-25451,14-11-2022,21,4203260-10450-1,,,
4202260-479111,14-11-2022,36,4202260-10450-1,,,
4204280-655522,14-11-2022,27,4204280-10450-1,,,
4080195-667452,14-11-2022,9,4080195-10450-1,,,
4203440-460135,14-11-2022,23,4203440-10450-1,,,
4352020-667288,14-11-2022,34,4352020-10450-1,,,
4853400-584804,15-11-2022,108,4853400-10450-1,,,
4802560-30568,15-11-2022,47,4802560-10450-1,,,
4552720-669949,15-11-2022,19,4552720-10450-1,,,
4652260-660355,15-11-2022,16,4652260-10450-1,,,
5700740-667823,14-11-2022,37,5700740-10450-1,,,
5851880-19711,14-11-2022,21,5851880-10450-1,,,
5700018-575696,14-11-2022,16,5700018-10450-1,,,
0050405-66769,13-12-2022,9,0050405-10450-1,,,
0102380-7575,13-12-2022,3,0102380-10450-1,,,
0102400-10621,13-12-2022,3,0102400-10450-1,,,
0208030-660671,13-12-2022,3,0208030-10450-1,,,
0300500-667982,13-12-2022,7,0300500-10450-1,,,
0403620-659461,13-12-2022,5,0403620-10450-1,,,
0503000-161369,13-12-2022,21,0503000-10450-1,,,
0504360-74913,13-12-2022,16,0504360-10450-1,,,
0551540-660973,13-12-2022,31,0551540-10450-1,,,
0701030-577306,13-12-2022,101,0701030-10450-1,,,
9300890-26,14-12-2022,428,9300890-10400-1,,,
3300560-578072,17-01-2023,1,3300560-10450-1,,,
3251640-3556,16-01-2023,13,3251640-10450-1,,,
3401740-655068,17-01-2023,27,3401740-10450-1,,,
3352480-26815,17-01-2023,14,3352480-10450-1,,,
3552800-578168,17-01-2023,17,3552800-10450-1,,,
3750682-657762,17-01-2023,7,3750682-10450-1,,,
3700280-112499,17-01-2023,7,3700280-10450-1,,,
4001105-552039,16-01-2023,27,4001105-10450-1,,,
4022186-655901,17-01-2023,4,4022186-10450-1,,,
3823610-658766,17-01-2023,26,3823610-10450-1,,,
4023988-666914,17-01-2023,27,4023988-10450-1,,,
4080195-667452,17-01-2023,4,4080195-10450-1,,,
4203260-25451,17-01-2023,24,4203260-10450-1,,,
4204280-655522,17-01-2023,18,4204280-10450-1,,,
4202260-479111,17-01-2023,36,4202260-10450-1,,,
5650360-19177,16-01-2023,9,5650360-10450-1,,,
5650740-669716,16-01-2023,6,5650740-10450-1,,,
5700040-118183,17-01-2023,22,5700040-10450-1,,,
5700018-575696,17-01-2023,25,5700018-10450-1,,,
5700740-667823,17-01-2023,33,5700740-10450-1,,,
9300890-26,17-01-2023,49,9300890-10400-1,,,
3053640-669380,17-01-2023,8,3053640-10450-1,,,
3202220-657268,16-01-2023,50,3202220-10450-1,,,
3301600-670591,17-01-2023,9,3301600-10450-1,,,
3551920-668896,17-01-2023,4,3551920-10450-1,,,
3550880-662005,17-01-2023,6,3550880-10450-1,,,
3822470-652614,17-01-2023,18,3822470-10450-1,,,
4203440-460135,17-01-2023,24,4203440-10450-1,,,
4352020-667288,17-01-2023,32,4352020-10450-1,,,
5351020-669479,16-01-2023,41,5351020-10450-1,,,
5503520-662283,16-01-2023,2,5503520-10450-1,,,
5851880-19711,17-01-2023,18,5851880-10450-1,,,
0050405-66769,14-02-2023,9,0050405-10450-1,,,
0102400-10621,14-02-2023,3,0102400-10450-1,,,
1052480-161532,14-02-2023,4,1052480-10450-1,,,
1155680-666566,14-02-2023,0,1155680-10450-1,,,
1354280-670167,14-02-2023,10,1354280-10450-1,,,
1301320-669209,14-02-2023,6,1301320-10450-1,,,
1351680-580060,14-02-2023,3,1351680-10450-1,,,
1453010-564893,14-02-2023,20,1453010-10450-1,,,
1652420-572912,14-02-2023,25,1652420-10450-1,,,
1651800-670534,14-02-2023,93,1651800-10450-1,,,
3020630-661310,13-03-2023,5,3020630-10450-1,,,
3021810-572886,13-03-2023,9,3021810-10450-1,,,
3021000-113977,13-03-2023,0,3021000-10450-1,,,
3052140-669199,13-03-2023,7,3052140-10450-1,,,
0403620-659461,14-02-2023,4,0403620-10450-1,,,
0551540-660973,14-02-2023,10,0551540-10450-1,,,
0701030-577306,14-02-2023,61,0701030-10450-1,,,
0800340-294760,14-02-2023,0,0800340-10450-1,,,
0952020-660047,14-02-2023,8,0952020-10450-1,,,
0952010-660047,14-02-2023,5,0952010-10450-1,,,
9300890-26,15-02-2023,9,9300890-10400-1,,,
0102380-7575,14-02-2023,6,0102380-10450-1,,,
0504360-74913,14-02-2023,15,0504360-10450-1,,,
3822470-652614,13-03-2023,22,3822470-10450-1,,,
3823610-658766,13-03-2023,45,3823610-10450-1,,,
4001105-552039,13-03-2023,10,4001105-10450-1,,,
4022186-655901,13-03-2023,4,4022186-10450-1,,,
4023988-666914,13-03-2023,22,4023988-10450-1,,,
4080195-667452,13-03-2023,10,4080195-10450-1,,,
4203440-460135,13-03-2023,24,4203440-10450-1,,,
4352020-667288,13-03-2023,29,4352020-10450-1,,,
4203260-25451,13-03-2023,23,4203260-10450-1,,,
4600200-670849,13-03-2023,15,4600200-10450-1,,,
4552720-669949,13-03-2023,25,4552720-10450-1,,,
4551660-212336,13-03-2023,7,4551660-10450-1,,,
4800180-27528,13-03-2023,17,4800180-10450-1,,,
4802560-30568,13-03-2023,22,4802560-10450-1,,,
4652260-660355,13-03-2023,11,4652260-10450-1,,,
3022780-669690,13-03-2023,5,3022780-10450-1,,,
3551920-668896,13-03-2023,8,3551920-10450-1,,,
4204280-655522,13-03-2023,15,4204280-10450-1,,,
4202260-479111,13-03-2023,31,4202260-10450-1,,,
4404740-660694,13-03-2023,9,4404740-10450-1,,,
4851520-657004,13-03-2023,36,4851520-10450-1,,,
5120070-564666,13-03-2023,13,5120070-10450-1,,,
5750420-670783,13-03-2023,43,5750420-10450-1,,,
9300890-26,13-03-2023,28,9300890-10400-1,,,
0050405-66769,17-04-2023,9,0050405-10450-1,,,
0102400-10621,17-04-2023,3,0102400-10450-1,,,
0103200-384103,17-04-2023,1,0103200-10450-1,,,
0102380-7575,17-04-2023,4,0102380-10450-1,,,
0350620-671026,17-04-2023,1,0350620-10450-1,,,
0300500-667982,17-04-2023,2,0300500-10450-1,,,
1651800-670534,16-04-2023,91,1651800-10450-1,,,
1354280-670167,17-04-2023,9,1354280-10450-1,,,
0503000-161369,17-04-2023,11,0503000-10450-1,,,
1652420-572912,16-04-2023,5,1652420-10450-1,,,
3051080-669963,15-05-2023,6,3051080-10450-1,,,
3053640-669380,15-05-2023,9,3053640-10450-1,,,
3052720-667640,15-05-2023,6,3052720-10450-1,,,
3058400-670702,15-05-2023,5,3058400-10450-1,,,
3101640-669409,15-05-2023,4,3101640-10450-1,,,
3052140-669199,15-05-2023,10,3052140-10450-1,,,
3020630-661310,15-05-2023,4,3020630-10450-1,,,
3058560-2437,15-05-2023,3,3058560-10450-1,,,
3252680-2783,15-05-2023,16,3252680-10450-1,,,
3301600-670591,15-05-2023,10,3301600-10450-1,,,
3251640-3556,15-05-2023,15,3251640-10450-1,,,
3202220-657268,15-05-2023,15,3202220-10450-1,,,
3300560-578072,15-05-2023,2,3300560-10450-1,,,
3352480-26815,15-05-2023,14,3352480-10450-1,,,
3401740-655068,15-05-2023,18,3401740-10450-1,,,
3022780-669690,15-05-2023,5,3022780-10450-1,,,
3500520-390976,15-05-2023,1,3500520-10450-1,,,
3552800-578168,15-05-2023,0,3552800-10450-1,,,
3053860-667557,15-05-2023,5,3053860-10450-1,,,
3603880-671151,15-05-2023,2,3603880-10450-1,,,
3551920-668896,15-05-2023,6,3551920-10450-1,,,
3552460-670864,15-05-2023,1,3552460-10450-1,,,
3750682-657762,15-05-2023,6,3750682-10450-1,,,
3700460-9438,15-05-2023,0,3700460-10450-1,,,
3700280-112499,15-05-2023,9,3700280-10450-1,,,
4001105-552039,15-05-2023,8,4001105-10450-1,,,
3822470-652614,15-05-2023,19,3822470-10450-1,,,
3823610-658766,15-05-2023,49,3823610-10450-1,,,
4023988-666914,15-05-2023,18,4023988-10450-1,,,
4080195-667452,15-05-2023,15,4080195-10450-1,,,
4022186-655901,15-05-2023,4,4022186-10450-1,,,
5151040-27328,15-05-2023,29,5151040-10450-1,,,
5351020-669479,15-05-2023,45,5351020-10450-1,,,
5401100-11480,15-05-2023,2,5401100-10450-1,,,
5503520-662283,15-05-2023,2,5503520-10450-1,,,
5302620-669509,15-05-2023,8,5302620-10450-1,,,
5650740-669716,15-05-2023,6,5650740-10450-1,,,
5700018-575696,15-05-2023,20,5700018-10450-1,,,
5851880-19711,15-05-2023,7,5851880-10450-1,,,
5700740-667823,15-05-2023,27,5700740-10450-1,,,
5700040-118183,15-05-2023,21,5700040-10450-1,,,
9300890-26,16-05-2023,56,9300890-10400-1,,,
3550880-662005,15-05-2023,5,3550880-10450-1,,,
4203440-460135,15-05-2023,22,4203440-10450-1,,,
4551660-212336,15-05-2023,4,4551660-10450-1,,,
4552720-669949,15-05-2023,27,4552720-10450-1,,,
0952010-660047,12-06-2023,4,0952010-10450-1,,,
1052480-161532,12-06-2023,2,1052480-10450-1,,,
0952020-660047,12-06-2023,6,0952020-10450-1,,,
1155680-666566,12-06-2023,0,1155680-10450-1,,,
1300220-656175,12-06-2023,2,1300220-10450-1,,,
1351680-580060,12-06-2023,2,1351680-10450-1,,,
1354280-670167,12-06-2023,10,1354280-10450-1,,,
1301320-669209,12-06-2023,5,1301320-10450-1,,,
1453010-564893,13-06-2023,16,1453010-10450-1,,,
1652420-572912,13-06-2023,5,1652420-10450-1,,,
1651800-670534,13-06-2023,74,1651800-10450-1,,,
1652700-661247,13-06-2023,13,1652700-10450-1,,,
0403620-659461,12-06-2023,4,0403620-10450-1,,,
0504360-74913,12-06-2023,19,0504360-10450-1,,,
1251280-654938,12-06-2023,1,1251280-10450-1,,,
3051580-669069,13-03-2023,15,3051580-10450-1,,,
3051080-669963,13-03-2023,5,3051080-10450-1,,,
3053860-667557,13-03-2023,6,3053860-10450-1,,,
3053640-669380,13-03-2023,10,3053640-10450-1,,,
3052720-667640,13-03-2023,9,3052720-10450-1,,,
3058400-670702,13-03-2023,5,3058400-10450-1,,,
3101640-669409,13-03-2023,3,3101640-10450-1,,,
3202220-657268,13-03-2023,16,3202220-10450-1,,,
3251640-3556,13-03-2023,14,3251640-10450-1,,,
3300560-578072,13-03-2023,2,3300560-10450-1,,,
3352480-26815,13-03-2023,23,3352480-10450-1,,,
3252680-2783,13-03-2023,16,3252680-10450-1,,,
3301600-670591,13-03-2023,11,3301600-10450-1,,,
3401740-655068,13-03-2023,15,3401740-10450-1,,,
3552800-578168,13-03-2023,7,3552800-10450-1,,,
3552460-670864,13-03-2023,0,3552460-10450-1,,,
3550880-662005,13-03-2023,5,3550880-10450-1,,,
3700280-112499,13-03-2023,7,3700280-10450-1,,,
3750682-657762,13-03-2023,6,3750682-10450-1,,,
4902200-552707,13-03-2023,13,4902200-10450-1,,,
4853400-584804,13-03-2023,55,4853400-10450-1,,,
5003100-6371,13-03-2023,13,5003100-10450-1,,,
5302620-669509,13-03-2023,10,5302620-10450-1,,,
5151040-27328,13-03-2023,0,5151040-10450-1,,,
5402616-117710,13-03-2023,6,5402616-10450-1,,,
5301960-669298,13-03-2023,11,5301960-10450-1,,,
5351020-669479,13-03-2023,31,5351020-10450-1,,,
5401100-11480,13-03-2023,2,5401100-10450-1,,,
5503520-662283,13-03-2023,3,5503520-10450-1,,,
5650360-19177,13-03-2023,9,5650360-10450-1,,,
5650740-669716,13-03-2023,6,5650740-10450-1,,,
5700040-118183,13-03-2023,23,5700040-10450-1,,,
5700018-575696,13-03-2023,17,5700018-10450-1,,,
5700740-667823,13-03-2023,35,5700740-10450-1,,,
5851880-19711,13-03-2023,10,5851880-10450-1,,,
0208030-660671,17-04-2023,1,0208030-10450-1,,,
0403620-659461,17-04-2023,4,0403620-10450-1,,,
0504360-74913,17-04-2023,24,0504360-10450-1,,,
0551540-660973,17-04-2023,5,0551540-10450-1,,,
0701030-577306,17-04-2023,35,0701030-10450-1,,,
0800340-294760,17-04-2023,0,0800340-10450-1,,,
0952020-660047,17-04-2023,7,0952020-10450-1,,,
0952010-660047,17-04-2023,6,0952010-10450-1,,,
1301320-669209,17-04-2023,7,1301320-10450-1,,,
1351680-580060,17-04-2023,3,1351680-10450-1,,,
1155680-666566,17-04-2023,3,1155680-10450-1,,,
1453010-564893,16-04-2023,24,1453010-10450-1,,,
2402160-671033,16-04-2023,7,2402160-10450-1,,,
9300890-26,18-04-2023,0,9300890-10400-1,,,
1052480-161532,17-04-2023,4,1052480-10450-1,,,
3021000-113977,15-05-2023,0,3021000-10450-1,,,
3021810-572886,15-05-2023,1,3021810-10450-1,,,
3051580-669069,15-05-2023,11,3051580-10450-1,,,
4202260-479111,15-05-2023,29,4202260-10450-1,,,
4203260-25451,15-05-2023,24,4203260-10450-1,,,
4204280-655522,15-05-2023,29,4204280-10450-1,,,
4404740-660694,15-05-2023,8,4404740-10450-1,,,
4301660-354522,15-05-2023,5,4301660-10450-1,,,
4352020-667288,15-05-2023,18,4352020-10450-1,,,
4600200-670849,15-05-2023,30,4600200-10450-1,,,
4800180-27528,15-05-2023,16,4800180-10450-1,,,
4902200-552707,15-05-2023,12,4902200-10450-1,,,
4600000-655128,15-05-2023,41,4600000-10450-1,,,
4652260-660355,15-05-2023,40,4652260-10450-1,,,
4851520-657004,15-05-2023,49,4851520-10450-1,,,
4853400-584804,15-05-2023,52,4853400-10450-1,,,
5003100-6371,15-05-2023,10,5003100-10450-1,,,
4802560-30568,15-05-2023,25,4802560-10450-1,,,
5120070-564666,15-05-2023,11,5120070-10450-1,,,
5301960-669298,15-05-2023,5,5301960-10450-1,,,
5402616-117710,15-05-2023,3,5402616-10450-1,,,
5650360-19177,15-05-2023,2,5650360-10450-1,,,
5750420-670783,15-05-2023,45,5750420-10450-1,,,
0100620-653665,12-06-2023,3,0100620-10450-1,,,
0050405-66769,12-06-2023,11,0050405-10450-1,,,
0101340-9320,12-06-2023,1,0101340-10450-1,,,
0102380-7575,12-06-2023,9,0102380-10450-1,,,
0102400-10621,12-06-2023,4,0102400-10450-1,,,
0300500-667982,12-06-2023,2,0300500-10450-1,,,
0350620-671026,12-06-2023,1,0350620-10450-1,,,
0551540-660973,12-06-2023,12,0551540-10450-1,,,
0503000-161369,12-06-2023,23,0503000-10450-1,,,
0701030-577306,12-06-2023,5,0701030-10450-1,,,
0800340-294760,12-06-2023,0,0800340-10450-1,,,
2252400-671189,12-06-2023,116,2252400-10450-1,,,
1804058-658871,13-06-2023,0,1804058-10450-1,,,
2402160-671033,13-06-2023,15,2402160-10450-1,,,
9300890-26,13-06-2023,108,9300890-10400-1,,,
0103200-384103,12-06-2023,3,0103200-10450-1,,,
0208030-660671,12-06-2023,0,0208030-10450-1,,,